path,filename,directory,extension,size_kb,modified_time_if_available,category,sub_category,phase_or_version,language,public_safe_candidate,contains_metric_candidate,contains_path_or_secret_risk,priority,reason,notes
docs/airline-logo-manifest.json,airline-logo-manifest.json,docs,.json,12.88,2026-05-23T05:02:25,frontend_ui_ux,frontend ui,,en,yes,true,false,P1_supporting_evidence,frontend ui,
docs/airline-logo-sha256.txt,airline-logo-sha256.txt,docs,.txt,1.44,2026-05-23T05:01:45,frontend_ui_ux,frontend ui,,en,yes,false,false,P1_supporting_evidence,frontend ui,
docs/brand-source-html/7C-jejuair-bi.html,7C-jejuair-bi.html,docs/brand-source-html,.html,635.04,2026-05-23T03:45:11,misc_review_required,needs review,,unknown,limited,false,false,P3_internal_log_only,needs review,
docs/brand-source-html/BX-airbusan-ci.html,BX-airbusan-ci.html,docs/brand-source-html,.html,0.14,2026-05-23T03:45:12,misc_review_required,needs review,,unknown,limited,false,false,P3_internal_log_only,needs review,
docs/brand-source-html/ET-home.html,ET-home.html,docs/brand-source-html,.html,20.06,2026-05-23T03:45:26,misc_review_required,needs review,,unknown,limited,false,false,P3_internal_log_only,needs review,
docs/brand-source-html/ET-media.html,ET-media.html,docs/brand-source-html,.html,26.13,2026-05-23T03:45:28,misc_review_required,needs review,,unknown,limited,false,false,P3_internal_log_only,needs review,
docs/brand-source-html/KE-koreanair-news-ci.html,KE-koreanair-news-ci.html,docs/brand-source-html,.html,95.47,2026-05-23T03:45:13,misc_review_required,needs review,,unknown,limited,false,false,P3_internal_log_only,needs review,
docs/brand-source-html/LJ-jinair-logo-head.txt,LJ-jinair-logo-head.txt,docs/brand-source-html,.txt,0.14,2026-05-23T03:44:40,misc_review_required,needs review,,ko_en_mixed,limited,false,false,P3_internal_log_only,needs review,
docs/brand-source-html/MM-peach-2026-press.pdf,MM-peach-2026-press.pdf,docs/brand-source-html,.pdf,228.50,2026-05-23T03:45:26,misc_review_required,needs review,,unknown,limited,true,false,P3_internal_log_only,needs review,
docs/brand-source-html/OZ-asiana-ci.html,OZ-asiana-ci.html,docs/brand-source-html,.html,129.17,2026-05-23T03:45:14,misc_review_required,needs review,,unknown,limited,false,false,P3_internal_log_only,needs review,
docs/brand-source-html/RS-airseoul-ci.html,RS-airseoul-ci.html,docs/brand-source-html,.html,0.12,2026-05-23T03:45:14,misc_review_required,needs review,,unknown,limited,false,false,P3_internal_log_only,needs review,
docs/brand-source-html/TW-tway-ci.html,TW-tway-ci.html,docs/brand-source-html,.html,85.19,2026-05-23T03:45:12,misc_review_required,needs review,,unknown,limited,false,false,P3_internal_log_only,needs review,
docs/brand-source-html/YP-airpremia-ci.html,YP-airpremia-ci.html,docs/brand-source-html,.html,395.74,2026-05-23T03:45:15,misc_review_required,needs review,,unknown,limited,false,false,P3_internal_log_only,needs review,
docs/brand-source-html/ZG-zipair-press.pdf,ZG-zipair-press.pdf,docs/brand-source-html,.pdf,224.71,2026-05-23T03:45:15,misc_review_required,needs review,,unknown,limited,false,false,P3_internal_log_only,needs review,
docs/eda/eda_report.md,eda_report.md,docs/eda,.md,8.31,2026-05-20T21:24:31,roundtrip_support,roundtrip,,ko_en_mixed,yes,true,false,P1_supporting_evidence,roundtrip,
docs/eda/eda_report.pdf,eda_report.pdf,docs/eda,.pdf,513.23,2026-05-20T21:24:31,eda_analysis,eda analysis,,unknown,yes,false,false,P1_supporting_evidence,eda analysis,
docs/migrations/create_service_route_analysis_snapshot.sql,create_service_route_analysis_snapshot.sql,docs/migrations,.sql,1.96,2026-05-27T00:06:38,misc_review_required,needs review,,unknown,limited,false,false,P3_internal_log_only,needs review,
docs/modeling/final_modeling_summary_clean_v1.md,final_modeling_summary_clean_v1.md,docs/modeling,.md,16.88,2026-06-01T10:05:53,roundtrip_support,roundtrip,v1,ko_en_mixed,yes,true,false,P1_supporting_evidence,roundtrip,
docs/modeling/label_design.md,label_design.md,docs/modeling,.md,7.08,2026-05-20T21:24:31,modeling_label_evaluation,model label evaluation,,ko_en_mixed,yes,true,false,P1_supporting_evidence,model label evaluation,
docs/modeling/label_design.pdf,label_design.pdf,docs/modeling,.pdf,398.16,2026-05-20T21:24:31,modeling_label_evaluation,model label evaluation,,unknown,yes,false,false,P1_supporting_evidence,model label evaluation,
docs/phase_10_1_capacitor_webview_apk_validation.md,phase_10_1_capacitor_webview_apk_validation.md,docs,.md,7.57,2026-05-24T00:49:43,apk_mobile,mobile apk,phase_10_1_capacitor_webview_apk_validation,ko_en_mixed,review,true,true,P3_internal_log_only,mobile apk,redact before public use
docs/phase_10_2a_kakao_webview_login_audit.md,phase_10_2a_kakao_webview_login_audit.md,docs,.md,11.63,2026-05-24T02:55:43,apk_mobile,mobile apk,phase_10_2a_kakao_webview_login_audit,ko_en_mixed,review,true,true,P3_internal_log_only,mobile apk,redact before public use
docs/phase_10_2b_kakao_apk_deeplink_login_impl.md,phase_10_2b_kakao_apk_deeplink_login_impl.md,docs,.md,9.33,2026-05-24T04:01:21,apk_mobile,mobile apk,phase_10_2b_kakao_apk_deeplink_login_impl,ko_en_mixed,review,true,true,P3_internal_log_only,mobile apk,redact before public use
docs/phase_11a_home_search_ui.md,phase_11a_home_search_ui.md,docs,.md,2.70,2026-05-29T14:59:50,presentation,presentation,phase_11a_home_search_ui,ko_en_mixed,yes,false,false,P2_background,presentation,
docs/phase_11b_header_topbar_ui.md,phase_11b_header_topbar_ui.md,docs,.md,1.93,2026-05-29T15:31:01,presentation,presentation,phase_11b_header_topbar_ui,ko_en_mixed,yes,false,false,P2_background,presentation,
docs/phase_11c_login_savedlist_app_icon.md,phase_11c_login_savedlist_app_icon.md,docs,.md,3.43,2026-05-29T11:49:19,apk_mobile,mobile apk,phase_11c_login_savedlist_app_icon,ko_en_mixed,yes,false,false,P1_supporting_evidence,mobile apk,
docs/phase_11c_login_savedlist_ui.md,phase_11c_login_savedlist_ui.md,docs,.md,2.32,2026-05-29T10:28:33,apk_mobile,mobile apk,phase_11c_login_savedlist_ui,ko_en_mixed,yes,true,false,P1_supporting_evidence,mobile apk,
docs/phase_11d_1_model_info_auto_metadata.md,phase_11d_1_model_info_auto_metadata.md,docs,.md,4.87,2026-05-29T13:43:39,apk_mobile,mobile apk,phase_11d_1_model_info_auto_metadata,ko_en_mixed,yes,true,false,P0_core_evidence,mobile apk,
docs/phase_11d_model_info_ui.md,phase_11d_model_info_ui.md,docs,.md,2.13,2026-05-29T12:56:55,apk_mobile,mobile apk,phase_11d_model_info_ui,ko_en_mixed,yes,false,false,P1_supporting_evidence,mobile apk,
docs/phase_11e_1_card_readability_kst_date_hotfix.md,phase_11e_1_card_readability_kst_date_hotfix.md,docs,.md,3.13,2026-05-30T01:28:16,apk_mobile,mobile apk,phase_11e_1_card_readability_kst_date_hotfix,ko_en_mixed,yes,true,false,P1_supporting_evidence,mobile apk,
docs/phase_11e_search_result_summary_card_ui.md,phase_11e_search_result_summary_card_ui.md,docs,.md,3.16,2026-05-29T23:09:28,apk_mobile,mobile apk,phase_11e_search_result_summary_card_ui,ko_en_mixed,yes,true,false,P1_supporting_evidence,mobile apk,
docs/phase_12a_1_android_splash_screen.md,phase_12a_1_android_splash_screen.md,docs,.md,3.67,2026-05-30T04:05:31,presentation,presentation,phase_12a_1_android_splash_screen,ko_en_mixed,yes,true,false,P2_background,presentation,
docs/phase_12a_2_launcher_splash_resource.md,phase_12a_2_launcher_splash_resource.md,docs,.md,5.37,2026-05-30T10:15:03,apk_mobile,mobile apk,phase_12a_2_launcher_splash_resource,ko_en_mixed,yes,true,false,P1_supporting_evidence,mobile apk,
docs/phase_12a_android_release_apk.md,phase_12a_android_release_apk.md,docs,.md,3.62,2026-05-30T03:36:19,apk_mobile,mobile apk,phase_12a_android_release_apk,ko_en_mixed,review,false,true,P3_internal_log_only,mobile apk,redact before public use
docs/phase_13_1_1_model_info_health_contract.md,phase_13_1_1_model_info_health_contract.md,docs,.md,4.21,2026-06-01T15:55:01,deployment_infra,deploy infra,phase_13_1_1_model_info_health_contract,ko_en_mixed,review,true,true,P3_internal_log_only,deploy infra,redact before public use
docs/phase_13_1_model_runtime_artifact_contract.md,phase_13_1_model_runtime_artifact_contract.md,docs,.md,7.77,2026-06-01T15:54:43,frontend_ui_ux,frontend ui,phase_13_1_model_runtime_artifact_contract,ko_en_mixed,yes,true,false,P0_core_evidence,frontend ui,
docs/phase_13_4_label_metric_threshold_decision.md,phase_13_4_label_metric_threshold_decision.md,docs,.md,10.55,2026-06-01T20:10:32,deployment_infra,deploy infra,phase_13_4_label_metric_threshold_decision,ko_en_mixed,yes,true,false,P0_core_evidence,deploy infra,
docs/phase_13_5_retraining_experiment_design.md,phase_13_5_retraining_experiment_design.md,docs,.md,10.93,2026-06-01T20:56:48,frontend_ui_ux,frontend ui,phase_13_5_retraining_experiment_design,ko_en_mixed,yes,true,false,P0_core_evidence,frontend ui,
docs/phase_13_model_improvement_plan.md,phase_13_model_improvement_plan.md,docs,.md,9.35,2026-06-01T23:50:41,apk_mobile,mobile apk,phase_13_model_improvement_plan,ko_en_mixed,yes,true,false,P0_core_evidence,mobile apk,
docs/phase_14_0_1_split_readiness_optimization.md,phase_14_0_1_split_readiness_optimization.md,docs,.md,8.90,2026-06-01T23:50:41,frontend_ui_ux,frontend ui,phase_14_0_1_split_readiness_optimization,ko_en_mixed,yes,true,false,P0_core_evidence,frontend ui,
docs/phase_14_0_data_label_split_readiness.md,phase_14_0_data_label_split_readiness.md,docs,.md,10.19,2026-06-01T23:50:41,frontend_ui_ux,frontend ui,phase_14_0_data_label_split_readiness,ko_en_mixed,yes,true,false,P0_core_evidence,frontend ui,
docs/phase_14_1a_1_full_baseline_scoring.md,phase_14_1a_1_full_baseline_scoring.md,docs,.md,7.60,2026-06-02T13:43:15,frontend_ui_ux,frontend ui,phase_14_1a_1_full_baseline_scoring,ko_en_mixed,yes,true,false,P0_core_evidence,frontend ui,
docs/phase_14_1a_2_large_sample_baseline_scoring.md,phase_14_1a_2_large_sample_baseline_scoring.md,docs,.md,8.15,2026-06-02T15:19:30,roundtrip_support,roundtrip,phase_14_1a_2_large_sample_baseline_scoring,ko_en_mixed,yes,true,false,P1_supporting_evidence,roundtrip,
docs/phase_14_1a_baseline_scoring.md,phase_14_1a_baseline_scoring.md,docs,.md,7.86,2026-06-02T00:40:37,frontend_ui_ux,frontend ui,phase_14_1a_baseline_scoring,ko_en_mixed,yes,true,false,P0_core_evidence,frontend ui,
docs/phase_14_2_threshold_recalibration.md,phase_14_2_threshold_recalibration.md,docs,.md,8.20,2026-06-02T15:39:06,frontend_ui_ux,frontend ui,phase_14_2_threshold_recalibration,ko_en_mixed,yes,true,false,P0_core_evidence,frontend ui,
docs/phase_14_3_threshold_stability_audit.md,phase_14_3_threshold_stability_audit.md,docs,.md,9.70,2026-06-02T16:05:47,frontend_ui_ux,frontend ui,phase_14_3_threshold_stability_audit,en,yes,true,false,P0_core_evidence,frontend ui,
docs/phase_14_4_probability_diagnostic.md,phase_14_4_probability_diagnostic.md,docs,.md,10.02,2026-06-02T16:57:40,frontend_ui_ux,frontend ui,phase_14_4_probability_diagnostic,en,yes,true,false,P0_core_evidence,frontend ui,
docs/phase_14_5a_1_response_surface_audit.md,phase_14_5a_1_response_surface_audit.md,docs,.md,12.94,2026-06-02T22:57:26,roundtrip_support,roundtrip,phase_14_5a_1_response_surface_audit,ko_en_mixed,review,true,true,P3_internal_log_only,roundtrip,redact before public use
docs/phase_14_5a_2_candidate_stability_validation.md,phase_14_5a_2_candidate_stability_validation.md,docs,.md,12.18,2026-06-03T06:45:16,frontend_ui_ux,frontend ui,phase_14_5a_2_candidate_stability_validation,ko_en_mixed,review,true,true,P3_internal_log_only,frontend ui,redact before public use
docs/phase_14_5b_stage2_target_ablation_design.md,phase_14_5b_stage2_target_ablation_design.md,docs,.md,12.88,2026-06-03T07:02:48,roundtrip_support,roundtrip,phase_14_5b_stage2_target_ablation_design,ko_en_mixed,yes,true,false,P1_supporting_evidence,roundtrip,
docs/phase_14_6a_stage2_ablation_smoke.md,phase_14_6a_stage2_ablation_smoke.md,docs,.md,8.51,2026-06-03T07:26:35,roundtrip_support,roundtrip,phase_14_6a_stage2_ablation_smoke,ko_en_mixed,yes,true,false,P1_supporting_evidence,roundtrip,
docs/phase_14_6b_stage2_ablation_large.md,phase_14_6b_stage2_ablation_large.md,docs,.md,12.60,2026-06-03T08:00:00,frontend_ui_ux,frontend ui,phase_14_6b_stage2_ablation_large,ko_en_mixed,review,true,true,P3_internal_log_only,frontend ui,redact before public use
docs/phase_14_6c_ablation_decision_review.md,phase_14_6c_ablation_decision_review.md,docs,.md,9.37,2026-06-03T08:21:09,frontend_ui_ux,frontend ui,phase_14_6c_ablation_decision_review,ko_en_mixed,review,true,true,P3_internal_log_only,frontend ui,redact before public use
docs/phase_14_7_exp_c_robust_validation.md,phase_14_7_exp_c_robust_validation.md,docs,.md,8.96,2026-06-03T09:35:42,frontend_ui_ux,frontend ui,phase_14_7_exp_c_robust_validation,ko_en_mixed,review,true,true,P3_internal_log_only,frontend ui,redact before public use
docs/phase_14_8_stage1_alignment_holdout_validation.md,phase_14_8_stage1_alignment_holdout_validation.md,docs,.md,10.43,2026-06-03T10:22:19,frontend_ui_ux,frontend ui,phase_14_8_stage1_alignment_holdout_validation,ko_en_mixed,review,true,true,P3_internal_log_only,frontend ui,redact before public use
docs/phase_14_9a_stage1_fresh_inference_audit.md,phase_14_9a_stage1_fresh_inference_audit.md,docs,.md,6.32,2026-06-03T15:48:20,frontend_ui_ux,frontend ui,phase_14_9a_stage1_fresh_inference_audit,ko_en_mixed,review,true,true,P3_internal_log_only,frontend ui,redact before public use
docs/phase_14_9b_fresh_stage1_holdout_validation.md,phase_14_9b_fresh_stage1_holdout_validation.md,docs,.md,7.96,2026-06-03T16:47:18,frontend_ui_ux,frontend ui,phase_14_9b_fresh_stage1_holdout_validation,ko_en_mixed,review,true,true,P3_internal_log_only,frontend ui,redact before public use
docs/phase_15a_expc_staging_packaging_design.md,phase_15a_expc_staging_packaging_design.md,docs,.md,10.99,2026-06-03T17:35:46,deployment_infra,deploy infra,phase_15a_expc_staging_packaging_design,ko_en_mixed,review,true,true,P3_internal_log_only,deploy infra,redact before public use
docs/phase_15b_expc_staging_package.md,phase_15b_expc_staging_package.md,docs,.md,10.51,2026-06-03T18:04:38,deployment_infra,deploy infra,phase_15b_expc_staging_package,ko_en_mixed,review,true,true,P3_internal_log_only,deploy infra,redact before public use
docs/phase_15c_1_model_version_response_consistency.md,phase_15c_1_model_version_response_consistency.md,docs,.md,6.76,2026-06-04T01:40:12,deployment_infra,deploy infra,phase_15c_1_model_version_response_consistency,ko_en_mixed,yes,true,false,P0_core_evidence,deploy infra,
docs/phase_15c_staging_runtime_smoke.md,phase_15c_staging_runtime_smoke.md,docs,.md,10.18,2026-06-04T01:21:11,deployment_infra,deploy infra,phase_15c_staging_runtime_smoke,ko_en_mixed,review,true,true,P3_internal_log_only,deploy infra,redact before public use
docs/phase_15d_deployment_candidate_prepare.md,phase_15d_deployment_candidate_prepare.md,docs,.md,9.37,2026-06-04T02:02:18,deployment_infra,deploy infra,phase_15d_deployment_candidate_prepare,ko_en_mixed,review,true,true,P3_internal_log_only,deploy infra,redact before public use
docs/phase_15e_live_model_switch.md,phase_15e_live_model_switch.md,docs,.md,7.22,2026-06-04T02:51:05,deployment_infra,deploy infra,phase_15e_live_model_switch,ko_en_mixed,review,true,true,P3_internal_log_only,deploy infra,redact before public use
docs/phase_16a_final_data_freeze_retraining_plan.md,phase_16a_final_data_freeze_retraining_plan.md,docs,.md,8.54,2026-06-04T03:19:38,deployment_infra,deploy infra,phase_16a_final_data_freeze_retraining_plan,ko_en_mixed,review,true,true,P3_internal_log_only,deploy infra,redact before public use
docs/phase_16b_0_full_retrain_pipeline_audit.md,phase_16b_0_full_retrain_pipeline_audit.md,docs,.md,10.65,2026-06-04T03:59:54,frontend_ui_ux,frontend ui,phase_16b_0_full_retrain_pipeline_audit,ko_en_mixed,review,true,true,P3_internal_log_only,frontend ui,redact before public use
docs/phase_16b_1_workspace_materialization_smoke.md,phase_16b_1_workspace_materialization_smoke.md,docs,.md,9.94,2026-06-04T04:32:10,frontend_ui_ux,frontend ui,phase_16b_1_workspace_materialization_smoke,ko_en_mixed,review,true,true,P3_internal_log_only,frontend ui,redact before public use
docs/phase_16b_2_full_dataset_materialization.md,phase_16b_2_full_dataset_materialization.md,docs,.md,9.41,2026-06-04T05:08:40,frontend_ui_ux,frontend ui,phase_16b_2_full_dataset_materialization,ko_en_mixed,review,true,true,P3_internal_log_only,frontend ui,redact before public use
docs/phase_16b_3a_1_split_policy_recheck.md,phase_16b_3a_1_split_policy_recheck.md,docs,.md,9.05,2026-06-04T06:06:17,deployment_infra,deploy infra,phase_16b_3a_1_split_policy_recheck,ko_en_mixed,review,true,true,P3_internal_log_only,deploy infra,redact before public use
docs/phase_16b_3a_stage1_retrain_readiness.md,phase_16b_3a_stage1_retrain_readiness.md,docs,.md,10.36,2026-06-04T05:33:58,frontend_ui_ux,frontend ui,phase_16b_3a_stage1_retrain_readiness,ko_en_mixed,review,true,true,P3_internal_log_only,frontend ui,redact before public use
docs/phase_16b_3b_full_retrain_final_refit.md,phase_16b_3b_full_retrain_final_refit.md,docs,.md,8.54,2026-06-04T06:57:52,frontend_ui_ux,frontend ui,phase_16b_3b_full_retrain_final_refit,ko_en_mixed,review,true,true,P3_internal_log_only,frontend ui,redact before public use
docs/phase_16b_3c_baseline_threshold_review.md,phase_16b_3c_baseline_threshold_review.md,docs,.md,7.99,2026-06-04T07:20:55,deployment_infra,deploy infra,phase_16b_3c_baseline_threshold_review,ko_en_mixed,review,true,true,P3_internal_log_only,deploy infra,redact before public use
docs/phase_16b_3d_threshold_repackage.md,phase_16b_3d_threshold_repackage.md,docs,.md,6.29,2026-06-04T07:46:02,deployment_infra,deploy infra,phase_16b_3d_threshold_repackage,ko_en_mixed,review,true,true,P3_internal_log_only,deploy infra,redact before public use
docs/phase_16c_final_runtime_smoke.md,phase_16c_final_runtime_smoke.md,docs,.md,5.87,2026-06-04T08:07:18,deployment_infra,deploy infra,phase_16c_final_runtime_smoke,ko_en_mixed,review,true,true,P3_internal_log_only,deploy infra,redact before public use
docs/phase_16d_live_model_switch.md,phase_16d_live_model_switch.md,docs,.md,5.97,2026-06-04T08:27:51,deployment_infra,deploy infra,phase_16d_live_model_switch,ko_en_mixed,review,true,true,P3_internal_log_only,deploy infra,redact before public use
docs/phase_16e_1_ui_polish_manual_smoke.md,phase_16e_1_ui_polish_manual_smoke.md,docs,.md,5.24,2026-06-04T09:36:41,apk_mobile,mobile apk,phase_16e_1_ui_polish_manual_smoke,ko_en_mixed,yes,true,false,P0_core_evidence,mobile apk,
docs/phase_16e_2_price_drop_gauge_threshold_marker.md,phase_16e_2_price_drop_gauge_threshold_marker.md,docs,.md,3.37,2026-06-04T10:08:18,apk_mobile,mobile apk,phase_16e_2_price_drop_gauge_threshold_marker,ko_en_mixed,yes,true,false,P0_core_evidence,mobile apk,
docs/phase_16e_frontend_model_info_polish.md,phase_16e_frontend_model_info_polish.md,docs,.md,6.13,2026-06-04T09:18:37,apk_mobile,mobile apk,phase_16e_frontend_model_info_polish,ko_en_mixed,review,true,true,P3_internal_log_only,mobile apk,redact before public use
docs/phase_6_9_regression_checklist.md,phase_6_9_regression_checklist.md,docs,.md,15.36,2026-05-20T21:42:44,apk_mobile,mobile apk,phase_6_9_regression_checklist,ko_en_mixed,review,true,true,P3_internal_log_only,mobile apk,redact before public use
docs/phase_7_10_roundtrip_candidates_limited_impl.md,phase_7_10_roundtrip_candidates_limited_impl.md,docs,.md,9.75,2026-05-20T21:42:44,frontend_ui_ux,frontend ui,phase_7_10_roundtrip_candidates_limited_impl,ko_en_mixed,review,true,true,P3_internal_log_only,frontend ui,redact before public use
docs/phase_7_11_roundtrip_frontend_contract.md,phase_7_11_roundtrip_frontend_contract.md,docs,.md,17.51,2026-05-20T21:42:44,frontend_ui_ux,frontend ui,phase_7_11_roundtrip_frontend_contract,ko_en_mixed,yes,true,false,P1_supporting_evidence,frontend ui,
docs/phase_7_12_roundtrip_frontend_limited_impl.md,phase_7_12_roundtrip_frontend_limited_impl.md,docs,.md,6.75,2026-05-20T21:42:44,frontend_ui_ux,frontend ui,phase_7_12_roundtrip_frontend_limited_impl,ko_en_mixed,yes,false,false,P1_supporting_evidence,frontend ui,
docs/phase_7_13_roundtrip_frontend_flow_validation.md,phase_7_13_roundtrip_frontend_flow_validation.md,docs,.md,10.21,2026-05-22T22:18:06,deployment_infra,deploy infra,phase_7_13_roundtrip_frontend_flow_validation,ko_en_mixed,review,true,true,P3_internal_log_only,deploy infra,redact before public use
docs/phase_7_1_roundtrip_runtime_audit.md,phase_7_1_roundtrip_runtime_audit.md,docs,.md,12.58,2026-05-20T21:42:44,frontend_ui_ux,frontend ui,phase_7_1_roundtrip_runtime_audit,ko_en_mixed,review,true,true,P3_internal_log_only,frontend ui,redact before public use
docs/phase_7_2_roundtrip_adapter_smoke.md,phase_7_2_roundtrip_adapter_smoke.md,docs,.md,7.05,2026-05-20T21:24:31,frontend_ui_ux,frontend ui,phase_7_2_roundtrip_adapter_smoke,ko_en_mixed,review,true,true,P3_internal_log_only,frontend ui,redact before public use
docs/phase_7_3_roundtrip_feature_path_audit.md,phase_7_3_roundtrip_feature_path_audit.md,docs,.md,10.52,2026-05-20T21:42:44,roundtrip_support,roundtrip,phase_7_3_roundtrip_feature_path_audit,ko_en_mixed,review,true,true,P3_internal_log_only,roundtrip,redact before public use
docs/phase_7_4_roundtrip_server_evidence_audit.md,phase_7_4_roundtrip_server_evidence_audit.md,docs,.md,21.10,2026-05-20T21:42:44,deployment_infra,deploy infra,phase_7_4_roundtrip_server_evidence_audit,ko_en_mixed,review,true,true,P3_internal_log_only,deploy infra,redact before public use
docs/phase_7_5_roundtrip_feature_builder_smoke.md,phase_7_5_roundtrip_feature_builder_smoke.md,docs,.md,10.68,2026-05-20T21:42:44,frontend_ui_ux,frontend ui,phase_7_5_roundtrip_feature_builder_smoke,ko_en_mixed,yes,true,false,P1_supporting_evidence,frontend ui,
docs/phase_7_6_roundtrip_builder_batch_validation.md,phase_7_6_roundtrip_builder_batch_validation.md,docs,.md,8.16,2026-05-20T21:42:44,frontend_ui_ux,frontend ui,phase_7_6_roundtrip_builder_batch_validation,ko_en_mixed,yes,true,false,P1_supporting_evidence,frontend ui,
docs/phase_7_7_roundtrip_predict_one_contract.md,phase_7_7_roundtrip_predict_one_contract.md,docs,.md,21.91,2026-05-20T21:42:44,frontend_ui_ux,frontend ui,phase_7_7_roundtrip_predict_one_contract,ko_en_mixed,yes,true,false,P0_core_evidence,frontend ui,
docs/phase_7_8_roundtrip_predict_one_limited_impl.md,phase_7_8_roundtrip_predict_one_limited_impl.md,docs,.md,9.14,2026-05-20T21:42:44,frontend_ui_ux,frontend ui,phase_7_8_roundtrip_predict_one_limited_impl,ko_en_mixed,review,true,true,P3_internal_log_only,frontend ui,redact before public use
docs/phase_7_9_roundtrip_offer_source_contract.md,phase_7_9_roundtrip_offer_source_contract.md,docs,.md,13.92,2026-05-20T21:42:44,frontend_ui_ux,frontend ui,phase_7_9_roundtrip_offer_source_contract,ko_en_mixed,yes,true,false,P1_supporting_evidence,frontend ui,
docs/phase_8_1_uiux_frontend_mapping.md,phase_8_1_uiux_frontend_mapping.md,docs,.md,16.65,2026-05-22T22:18:06,apk_mobile,mobile apk,phase_8_1_uiux_frontend_mapping,ko_en_mixed,yes,true,false,P1_supporting_evidence,mobile apk,
docs/phase_8_2a_core_ux_impl.md,phase_8_2a_core_ux_impl.md,docs,.md,12.71,2026-05-23T01:13:50,apk_mobile,mobile apk,phase_8_2a_core_ux_impl,ko_en_mixed,yes,true,false,P0_core_evidence,mobile apk,
docs/phase_8_2b_0_airline_branding_audit.md,phase_8_2b_0_airline_branding_audit.md,docs,.md,10.20,2026-05-23T02:07:15,frontend_ui_ux,frontend ui,phase_8_2b_0_airline_branding_audit,ko_en_mixed,yes,false,false,P1_supporting_evidence,frontend ui,
docs/phase_8_2b_0_logo_asset_download.md,phase_8_2b_0_logo_asset_download.md,docs,.md,8.38,2026-05-23T03:48:55,frontend_ui_ux,frontend ui,phase_8_2b_0_logo_asset_download,ko_en_mixed,yes,true,false,P1_supporting_evidence,frontend ui,
docs/phase_8_2b_0_logo_recovery.md,phase_8_2b_0_logo_recovery.md,docs,.md,6.37,2026-05-23T05:03:07,frontend_ui_ux,frontend ui,phase_8_2b_0_logo_recovery,ko_en_mixed,yes,false,false,P1_supporting_evidence,frontend ui,
docs/phase_8_2b_branding_card_emphasis_impl.md,phase_8_2b_branding_card_emphasis_impl.md,docs,.md,7.98,2026-05-23T06:35:40,apk_mobile,mobile apk,phase_8_2b_branding_card_emphasis_impl,ko_en_mixed,yes,true,false,P1_supporting_evidence,mobile apk,
docs/phase_9_10a_route_analysis_all_mvp_routes_design.md,phase_9_10a_route_analysis_all_mvp_routes_design.md,docs,.md,13.93,2026-05-26T22:27:11,frontend_ui_ux,frontend ui,phase_9_10a_route_analysis_all_mvp_routes_design,ko_en_mixed,yes,true,false,P1_supporting_evidence,frontend ui,
docs/phase_9_10b_1_route_analysis_auto_refresh_pipeline_hook.md,phase_9_10b_1_route_analysis_auto_refresh_pipeline_hook.md,docs,.md,7.54,2026-05-27T01:46:45,frontend_ui_ux,frontend ui,phase_9_10b_1_route_analysis_auto_refresh_pipeline_hook,ko_en_mixed,review,false,true,P3_internal_log_only,frontend ui,redact before public use
docs/phase_9_10b_route_analysis_snapshot_backend.md,phase_9_10b_route_analysis_snapshot_backend.md,docs,.md,5.96,2026-05-27T00:10:43,apk_mobile,mobile apk,phase_9_10b_route_analysis_snapshot_backend,en,review,true,true,P3_internal_log_only,mobile apk,redact before public use
docs/phase_9_10c_1_analysis_navigation_cleanup.md,phase_9_10c_1_analysis_navigation_cleanup.md,docs,.md,4.33,2026-05-27T17:01:13,apk_mobile,mobile apk,phase_9_10c_1_analysis_navigation_cleanup,ko_en_mixed,yes,false,false,P1_supporting_evidence,mobile apk,
docs/phase_9_10c_route_analysis_frontend_page.md,phase_9_10c_route_analysis_frontend_page.md,docs,.md,6.56,2026-05-27T15:26:08,apk_mobile,mobile apk,phase_9_10c_route_analysis_frontend_page,ko_en_mixed,review,true,true,P3_internal_log_only,mobile apk,redact before public use
docs/phase_9_10d_search_context_analysis_navigation.md,phase_9_10d_search_context_analysis_navigation.md,docs,.md,5.17,2026-05-27T17:23:44,apk_mobile,mobile apk,phase_9_10d_search_context_analysis_navigation,ko_en_mixed,yes,false,false,P1_supporting_evidence,mobile apk,
docs/phase_9_11a_1_roundtrip_prediction_badge_layout_hotfix.md,phase_9_11a_1_roundtrip_prediction_badge_layout_hotfix.md,docs,.md,3.67,2026-05-28T06:06:36,apk_mobile,mobile apk,phase_9_11a_1_roundtrip_prediction_badge_layout_hotfix,ko_en_mixed,yes,false,false,P1_supporting_evidence,mobile apk,
docs/phase_9_11a_2_roundtrip_analyze_job.md,phase_9_11a_2_roundtrip_analyze_job.md,docs,.md,5.71,2026-05-28T06:55:13,apk_mobile,mobile apk,phase_9_11a_2_roundtrip_analyze_job,ko_en_mixed,yes,false,false,P1_supporting_evidence,mobile apk,
docs/phase_9_11a_roundtrip_prediction_alignment.md,phase_9_11a_roundtrip_prediction_alignment.md,docs,.md,5.32,2026-05-28T04:37:22,apk_mobile,mobile apk,phase_9_11a_roundtrip_prediction_alignment,ko_en_mixed,yes,false,false,P1_supporting_evidence,mobile apk,
docs/phase_9_11b_0_roundtrip_history_backend.md,phase_9_11b_0_roundtrip_history_backend.md,docs,.md,4.28,2026-05-28T07:16:58,frontend_ui_ux,frontend ui,phase_9_11b_0_roundtrip_history_backend,ko_en_mixed,yes,true,false,P0_core_evidence,frontend ui,
docs/phase_9_11b_roundtrip_price_trend_frontend.md,phase_9_11b_roundtrip_price_trend_frontend.md,docs,.md,3.42,2026-05-28T09:46:10,apk_mobile,mobile apk,phase_9_11b_roundtrip_price_trend_frontend,ko_en_mixed,yes,true,false,P0_core_evidence,mobile apk,
docs/phase_9_11c_1_scroll_restoration_hotfix.md,phase_9_11c_1_scroll_restoration_hotfix.md,docs,.md,3.52,2026-05-28T11:09:24,apk_mobile,mobile apk,phase_9_11c_1_scroll_restoration_hotfix,ko_en_mixed,yes,false,false,P1_supporting_evidence,mobile apk,
docs/phase_9_11c_sticky_header_hotfix.md,phase_9_11c_sticky_header_hotfix.md,docs,.md,2.50,2026-05-28T10:46:20,apk_mobile,mobile apk,phase_9_11c_sticky_header_hotfix,ko_en_mixed,yes,true,false,P1_supporting_evidence,mobile apk,
docs/phase_9_1_roundtrip_realtime_observation_path_audit.md,phase_9_1_roundtrip_realtime_observation_path_audit.md,docs,.md,15.75,2026-05-23T07:57:04,deployment_infra,deploy infra,phase_9_1_roundtrip_realtime_observation_path_audit,ko_en_mixed,yes,true,false,P1_supporting_evidence,deploy infra,
docs/phase_9_2_roundtrip_refresh_job_contract.md,phase_9_2_roundtrip_refresh_job_contract.md,docs,.md,19.16,2026-05-23T08:14:18,frontend_ui_ux,frontend ui,phase_9_2_roundtrip_refresh_job_contract,ko_en_mixed,yes,true,false,P1_supporting_evidence,frontend ui,
docs/phase_9_3_roundtrip_refresh_job_limited_impl.md,phase_9_3_roundtrip_refresh_job_limited_impl.md,docs,.md,9.49,2026-05-23T09:00:56,frontend_ui_ux,frontend ui,phase_9_3_roundtrip_refresh_job_limited_impl,ko_en_mixed,yes,true,false,P1_supporting_evidence,frontend ui,
docs/phase_9_4_latest_candidates_history_cache_contract.md,phase_9_4_latest_candidates_history_cache_contract.md,docs,.md,17.78,2026-05-23T11:34:38,frontend_ui_ux,frontend ui,phase_9_4_latest_candidates_history_cache_contract,ko_en_mixed,yes,true,false,P1_supporting_evidence,frontend ui,
docs/phase_9_5a_composite_index_stabilization.md,phase_9_5a_composite_index_stabilization.md,docs,.md,8.92,2026-05-23T21:07:04,deployment_infra,deploy infra,phase_9_5a_composite_index_stabilization,ko_en_mixed,review,true,true,P3_internal_log_only,deploy infra,redact before public use
docs/phase_9_6_roundtrip_refresh_execution_wrapper.md,phase_9_6_roundtrip_refresh_execution_wrapper.md,docs,.md,10.51,2026-05-23T21:42:03,frontend_ui_ux,frontend ui,phase_9_6_roundtrip_refresh_execution_wrapper,ko_en_mixed,review,true,true,P3_internal_log_only,frontend ui,redact before public use
docs/phase_9_6e_hotfix_operational_error_diagnostics.md,phase_9_6e_hotfix_operational_error_diagnostics.md,docs,.md,5.79,2026-05-24T21:56:24,deployment_infra,deploy infra,phase_9_6e_hotfix_operational_error_diagnostics,en,yes,true,false,P0_core_evidence,deploy infra,
docs/phase_9_6e_roundtrip_refresh_enabled_one_shot.md,phase_9_6e_roundtrip_refresh_enabled_one_shot.md,docs,.md,3.92,2026-05-23T22:52:00,frontend_ui_ux,frontend ui,phase_9_6e_roundtrip_refresh_enabled_one_shot,ko_en_mixed,review,true,true,P3_internal_log_only,frontend ui,redact before public use
docs/phase_9_6f_roundtrip_refresh_bounded_crawler.md,phase_9_6f_roundtrip_refresh_bounded_crawler.md,docs,.md,7.72,2026-05-25T04:21:31,apk_mobile,mobile apk,phase_9_6f_roundtrip_refresh_bounded_crawler,en,review,true,true,P3_internal_log_only,mobile apk,redact before public use
docs/phase_9_6f_roundtrip_refresh_stability_progressive_update.md,phase_9_6f_roundtrip_refresh_stability_progressive_update.md,docs,.md,6.82,2026-05-24T23:16:30,apk_mobile,mobile apk,phase_9_6f_roundtrip_refresh_stability_progressive_update,ko_en_mixed,yes,true,false,P1_supporting_evidence,mobile apk,
docs/phase_9_6g_realtime_refresh_storage_separation.md,phase_9_6g_realtime_refresh_storage_separation.md,docs,.md,9.89,2026-05-25T05:39:25,frontend_ui_ux,frontend ui,phase_9_6g_realtime_refresh_storage_separation,en,review,true,true,P3_internal_log_only,frontend ui,redact before public use
docs/phase_9_7_roundtrip_refresh_polling_frontend.md,phase_9_7_roundtrip_refresh_polling_frontend.md,docs,.md,4.85,2026-05-25T07:33:41,apk_mobile,mobile apk,phase_9_7_roundtrip_refresh_polling_frontend,ko_en_mixed,yes,true,false,P0_core_evidence,mobile apk,
docs/phase_9_8a_oneway_roundtrip_refresh_policy_audit.md,phase_9_8a_oneway_roundtrip_refresh_policy_audit.md,docs,.md,13.26,2026-05-25T09:05:40,apk_mobile,mobile apk,phase_9_8a_oneway_roundtrip_refresh_policy_audit,ko_en_mixed,review,true,true,P3_internal_log_only,mobile apk,redact before public use
docs/phase_9_8b_1_backend_guard_min_impl.md,phase_9_8b_1_backend_guard_min_impl.md,docs,.md,7.23,2026-05-25T09:47:24,apk_mobile,mobile apk,phase_9_8b_1_backend_guard_min_impl,ko_en_mixed,review,true,true,P3_internal_log_only,mobile apk,redact before public use
docs/phase_9_8b_2_frontend_refresh_status_cleanup.md,phase_9_8b_2_frontend_refresh_status_cleanup.md,docs,.md,4.25,2026-05-25T10:30:12,apk_mobile,mobile apk,phase_9_8b_2_frontend_refresh_status_cleanup,ko_en_mixed,yes,true,false,P0_core_evidence,mobile apk,
docs/phase_9_8b_refresh_global_lane_guard_contract.md,phase_9_8b_refresh_global_lane_guard_contract.md,docs,.md,11.98,2026-05-25T09:16:55,apk_mobile,mobile apk,phase_9_8b_refresh_global_lane_guard_contract,ko_en_mixed,yes,true,false,P1_supporting_evidence,mobile apk,
docs/phase_9_8c_1_oneway_db_first_candidates_contract.md,phase_9_8c_1_oneway_db_first_candidates_contract.md,docs,.md,16.03,2026-05-25T11:29:42,apk_mobile,mobile apk,phase_9_8c_1_oneway_db_first_candidates_contract,ko_en_mixed,review,true,true,P3_internal_log_only,mobile apk,redact before public use
docs/phase_9_8c_2_oneway_candidates_backend_impl.md,phase_9_8c_2_oneway_candidates_backend_impl.md,docs,.md,5.62,2026-05-25T11:50:07,apk_mobile,mobile apk,phase_9_8c_2_oneway_candidates_backend_impl,en,yes,true,false,P0_core_evidence,mobile apk,
docs/phase_9_8d_2_candidates_valid_offer_fallback_auto_update.md,phase_9_8d_2_candidates_valid_offer_fallback_auto_update.md,docs,.md,6.18,2026-05-25T21:08:24,apk_mobile,mobile apk,phase_9_8d_2_candidates_valid_offer_fallback_auto_update,ko_en_mixed,review,true,true,P3_internal_log_only,mobile apk,redact before public use
docs/phase_9_8d_3_oneway_realtime_refresh_backend.md,phase_9_8d_3_oneway_realtime_refresh_backend.md,docs,.md,7.38,2026-05-25T21:33:18,apk_mobile,mobile apk,phase_9_8d_3_oneway_realtime_refresh_backend,en,review,true,true,P3_internal_log_only,mobile apk,redact before public use
docs/phase_9_8d_3ab_oneway_refresh_no_result_and_collector_hotfix.md,phase_9_8d_3ab_oneway_refresh_no_result_and_collector_hotfix.md,docs,.md,5.75,2026-05-26T04:13:25,deployment_infra,deploy infra,phase_9_8d_3ab_oneway_refresh_no_result_and_collector_hotfix,en,review,true,true,P3_internal_log_only,deploy infra,redact before public use
docs/phase_9_8d_4_oneway_refresh_polling_frontend.md,phase_9_8d_4_oneway_refresh_polling_frontend.md,docs,.md,4.57,2026-05-26T04:52:09,apk_mobile,mobile apk,phase_9_8d_4_oneway_refresh_polling_frontend,ko_en_mixed,yes,true,false,P1_supporting_evidence,mobile apk,
docs/phase_9_8d_4b_source_mode_toggle.md,phase_9_8d_4b_source_mode_toggle.md,docs,.md,5.16,2026-05-26T06:54:30,deployment_infra,deploy infra,phase_9_8d_4b_source_mode_toggle,ko_en_mixed,yes,true,false,P0_core_evidence,deploy infra,
docs/phase_9_8d_4c_source_toggle_analysis_persistence.md,phase_9_8d_4c_source_toggle_analysis_persistence.md,docs,.md,4.71,2026-05-26T07:50:06,frontend_ui_ux,frontend ui,phase_9_8d_4c_source_toggle_analysis_persistence,en,yes,true,false,P1_supporting_evidence,frontend ui,
docs/phase_9_8d_oneway_db_first_frontend.md,phase_9_8d_oneway_db_first_frontend.md,docs,.md,3.41,2026-05-25T20:35:58,apk_mobile,mobile apk,phase_9_8d_oneway_db_first_frontend,ko_en_mixed,yes,true,false,P1_supporting_evidence,mobile apk,
docs/phase_9_8f_apk_native_shell_layout.md,phase_9_8f_apk_native_shell_layout.md,docs,.md,3.29,2026-05-26T20:50:59,apk_mobile,mobile apk,phase_9_8f_apk_native_shell_layout,en,yes,true,false,P1_supporting_evidence,mobile apk,
docs/public_readme_redaction_notes.md,public_readme_redaction_notes.md,docs,.md,1.41,2026-06-04T12:14:25,handoff_summary,handoff,,en,review,true,true,P3_internal_log_only,handoff,redact before public use
docs/recommended_gitignore_additions.txt,recommended_gitignore_additions.txt,docs,.txt,0.68,2026-06-04T12:14:25,apk_mobile,mobile apk,,en,review,false,true,P3_internal_log_only,mobile apk,redact before public use
docs/repo_cleanup_inventory.csv,repo_cleanup_inventory.csv,docs,.csv,5683.35,2026-06-04T12:14:25,public_release_cleanup,repo cleanup,,en,review,true,true,P3_internal_log_only,repo cleanup,redact before public use
docs/repo_cleanup_inventory.md,repo_cleanup_inventory.md,docs,.md,5.22,2026-05-20T21:24:31,public_release_cleanup,repo cleanup,,ko_en_mixed,yes,false,false,P1_supporting_evidence,repo cleanup,
docs/repo_cleanup_phase1_build_check.md,repo_cleanup_phase1_build_check.md,docs,.md,1.06,2026-06-04T19:47:38,public_release_cleanup,repo cleanup,,en,yes,false,false,P1_supporting_evidence,repo cleanup,
docs/repo_cleanup_phase1_copy_manifest.csv,repo_cleanup_phase1_copy_manifest.csv,docs,.csv,111.70,2026-06-04T19:44:02,public_release_cleanup,repo cleanup,,en,yes,true,false,P0_core_evidence,repo cleanup,
docs/repo_cleanup_phase1_excluded_manifest.csv,repo_cleanup_phase1_excluded_manifest.csv,docs,.csv,5496.68,2026-06-04T19:44:02,public_release_cleanup,repo cleanup,,en,review,true,true,P3_internal_log_only,repo cleanup,redact before public use
docs/repo_cleanup_phase1_gitignore_applied.txt,repo_cleanup_phase1_gitignore_applied.txt,docs,.txt,0.38,2026-06-04T19:44:06,public_release_cleanup,repo cleanup,,en,yes,false,false,P1_supporting_evidence,repo cleanup,
docs/repo_cleanup_phase1_hard_residual_scan.csv,repo_cleanup_phase1_hard_residual_scan.csv,docs,.csv,0.02,2026-06-04T19:49:55,public_release_cleanup,repo cleanup,,en,yes,false,false,P1_supporting_evidence,repo cleanup,
docs/repo_cleanup_phase1_large_file_scan.csv,repo_cleanup_phase1_large_file_scan.csv,docs,.csv,0.13,2026-06-04T19:47:38,public_release_cleanup,repo cleanup,,en,yes,false,false,P1_supporting_evidence,repo cleanup,
docs/repo_cleanup_phase1_large_file_summary.md,repo_cleanup_phase1_large_file_summary.md,docs,.md,0.47,2026-06-04T19:47:38,public_release_cleanup,repo cleanup,,en,yes,false,false,P1_supporting_evidence,repo cleanup,
docs/repo_cleanup_phase1_readme_check.md,repo_cleanup_phase1_readme_check.md,docs,.md,0.43,2026-06-04T19:44:06,public_release_cleanup,repo cleanup,,en,yes,false,false,P0_core_evidence,repo cleanup,
docs/repo_cleanup_phase1_redaction_hits.csv,repo_cleanup_phase1_redaction_hits.csv,docs,.csv,2.59,2026-06-04T19:44:02,public_release_cleanup,repo cleanup,,en,yes,true,false,P0_core_evidence,repo cleanup,
docs/repo_cleanup_phase1_redaction_summary.md,repo_cleanup_phase1_redaction_summary.md,docs,.md,0.31,2026-06-04T19:44:06,public_release_cleanup,repo cleanup,,en,yes,false,false,P1_supporting_evidence,repo cleanup,
docs/repo_cleanup_phase1_review_required.csv,repo_cleanup_phase1_review_required.csv,docs,.csv,75.24,2026-06-04T19:44:02,public_release_cleanup,repo cleanup,,en,yes,false,false,P1_supporting_evidence,repo cleanup,
docs/repo_cleanup_phase1_secret_scan.csv,repo_cleanup_phase1_secret_scan.csv,docs,.csv,189.66,2026-06-04T19:49:45,public_release_cleanup,repo cleanup,,ko_en_mixed,review,true,true,P3_internal_log_only,repo cleanup,redact before public use
docs/repo_cleanup_phase1_secret_scan_summary.md,repo_cleanup_phase1_secret_scan_summary.md,docs,.md,0.53,2026-06-04T19:47:38,public_release_cleanup,repo cleanup,,en,yes,false,false,P0_core_evidence,repo cleanup,
docs/repo_cleanup_phase1_source_status.txt,repo_cleanup_phase1_source_status.txt,docs,.txt,0.59,2026-06-04T19:49:45,public_release_cleanup,repo cleanup,,en,yes,true,false,P1_supporting_evidence,repo cleanup,
docs/repo_cleanup_phase1_summary.md,repo_cleanup_phase1_summary.md,docs,.md,1.84,2026-06-04T19:50:53,public_release_cleanup,repo cleanup,,en,yes,false,false,P0_core_evidence,repo cleanup,
docs/repo_cleanup_plan.md,repo_cleanup_plan.md,docs,.md,14.96,2026-06-04T12:14:25,public_release_cleanup,repo cleanup,,en,review,true,true,P3_internal_log_only,repo cleanup,redact before public use
docs/repo_cleanup_summary.txt,repo_cleanup_summary.txt,docs,.txt,0.60,2026-06-04T12:14:25,public_release_cleanup,repo cleanup,,en,yes,false,false,P0_core_evidence,repo cleanup,
docs/session_handoff/modeling_session_20260429.md,modeling_session_20260429.md,docs/session_handoff,.md,8.53,2026-05-20T21:24:31,handoff_summary,handoff,,ko_en_mixed,yes,true,false,P2_background,handoff,
docs/v0.1/anchor.docx,anchor.docx,docs/v0.1,.docx,38.30,2026-03-23T17:22:41,planning_problem_definition,planning,v0.1,unknown,yes,false,false,P0_core_evidence,planning,
docs/v0.1/baseline.docx,baseline.docx,docs/v0.1,.docx,39.27,2026-03-23T17:22:41,misc_review_required,needs review,v0.1,unknown,limited,false,false,P3_internal_log_only,needs review,
docs/v0.1/checklist.md,checklist.md,docs/v0.1,.md,4.16,2026-03-23T17:22:41,frontend_ui_ux,frontend ui,v0.1,ko_en_mixed,yes,false,false,P1_supporting_evidence,frontend ui,
docs/v0.1/research.docx,research.docx,docs/v0.1,.docx,40.87,2026-03-23T17:22:41,misc_review_required,needs review,v0.1,unknown,limited,false,false,P3_internal_log_only,needs review,
docs/v0.2/data strategy summary.md,data strategy summary.md,docs/v0.2,.md,5.12,2026-03-24T18:40:00,backend_api_serving,backend api,v0.2,ko_en_mixed,yes,false,false,P1_supporting_evidence,backend api,
docs/v0.2/endpoint observations and roles revised.md,endpoint observations and roles revised.md,docs/v0.2,.md,6.78,2026-03-25T01:39:04,backend_api_serving,backend api,v0.2,ko_en_mixed,yes,true,false,P1_supporting_evidence,backend api,
docs/v0.2/next steps checklist.md,next steps checklist.md,docs/v0.2,.md,2.53,2026-03-25T01:29:12,backend_api_serving,backend api,v0.2,ko_en_mixed,yes,false,false,P1_supporting_evidence,backend api,
docs/v0.2/target airlines and booking windows revised 366.md,target airlines and booking windows revised 366.md,docs/v0.2,.md,5.16,2026-03-25T01:26:45,frontend_ui_ux,frontend ui,v0.2,ko_en_mixed,yes,true,false,P1_supporting_evidence,frontend ui,
docs/v0.2.1/data strategy summary_revised.md,data strategy summary_revised.md,docs/v0.2.1,.md,5.80,2026-03-25T07:10:02,backend_api_serving,backend api,v0.2.1,ko_en_mixed,yes,false,false,P1_supporting_evidence,backend api,
docs/v0.2.1/endpoint observations and roles revised_revised.md,endpoint observations and roles revised_revised.md,docs/v0.2.1,.md,7.46,2026-03-25T07:10:02,backend_api_serving,backend api,v0.2.1,ko_en_mixed,yes,true,false,P1_supporting_evidence,backend api,
docs/v0.2.1/next steps checklist_revised.md,next steps checklist_revised.md,docs/v0.2.1,.md,1.74,2026-03-26T00:44:10,backend_api_serving,backend api,v0.2.1,ko_en_mixed,yes,false,false,P1_supporting_evidence,backend api,
docs/v0.2.1/project_anchor.md,project_anchor.md,docs/v0.2.1,.md,9.73,2026-03-26T00:42:32,frontend_ui_ux,frontend ui,v0.2.1,ko_en_mixed,yes,true,false,P0_core_evidence,frontend ui,
docs/v0.2.1/target airlines and booking windows revised 366_revised.md,target airlines and booking windows revised 366_revised.md,docs/v0.2.1,.md,5.30,2026-03-25T07:10:02,frontend_ui_ux,frontend ui,v0.2.1,ko_en_mixed,yes,true,false,P1_supporting_evidence,frontend ui,
docs/v0.3/anchor.md,anchor.md,docs/v0.3,.md,5.26,2026-03-28T16:05:59,roundtrip_support,roundtrip,v0.3,ko_en_mixed,yes,false,false,P1_supporting_evidence,roundtrip,
docs/v0.3/api_strategy.md,api_strategy.md,docs/v0.3,.md,6.14,2026-03-28T16:06:44,roundtrip_support,roundtrip,v0.3,ko_en_mixed,yes,true,false,P1_supporting_evidence,roundtrip,
docs/v0.3/baseline.md,baseline.md,docs/v0.3,.md,8.76,2026-03-28T16:06:36,modeling_label_evaluation,model label evaluation,v0.3,ko_en_mixed,yes,true,false,P1_supporting_evidence,model label evaluation,
docs/v0.3/checklist.md,checklist.md,docs/v0.3,.md,3.15,2026-03-28T16:06:53,frontend_ui_ux,frontend ui,v0.3,ko_en_mixed,yes,true,false,P0_core_evidence,frontend ui,
docs/v0.3/images/dpd_parallelogram.svg,dpd_parallelogram.svg,docs/v0.3/images,.svg,4.66,2026-03-28T16:07:51,misc_review_required,needs review,v0.3,unknown,limited,false,false,P3_internal_log_only,needs review,
docs/v0.3/images/dpd_rectangle.svg,dpd_rectangle.svg,docs/v0.3/images,.svg,9.89,2026-03-28T16:47:10,misc_review_required,needs review,v0.3,unknown,limited,false,false,P3_internal_log_only,needs review,
docs/v0.3/images/dpd_uniform.svg,dpd_uniform.svg,docs/v0.3/images,.svg,5.19,2026-03-28T16:07:51,misc_review_required,needs review,v0.3,unknown,limited,false,false,P3_internal_log_only,needs review,
docs/v0.4/anchor.md,anchor.md,docs/v0.4,.md,6.69,2026-04-09T22:30:49,backend_api_serving,backend api,v0.4,ko_en_mixed,yes,false,false,P0_core_evidence,backend api,
docs/v0.4/assets/README.md,README.md,docs/v0.4/assets,.md,0.42,2026-04-07T19:48:56,misc_review_required,needs review,v0.4,ko_en_mixed,limited,false,false,P3_internal_log_only,needs review,
docs/v0.4/assets/Wireframe_Baseline_Manus_1.gif,Wireframe_Baseline_Manus_1.gif,docs/v0.4/assets,.gif,704.44,2026-04-07T19:48:56,misc_review_required,needs review,v0.4,unknown,limited,false,false,P3_internal_log_only,needs review,
docs/v0.4/assets/Wireframe_Baseline_Manus_2.gif,Wireframe_Baseline_Manus_2.gif,docs/v0.4/assets,.gif,801.93,2026-04-07T19:48:56,misc_review_required,needs review,v0.4,unknown,limited,false,false,P3_internal_log_only,needs review,
docs/v0.4/assets/Wireframe_Baseline_Manus_3.gif,Wireframe_Baseline_Manus_3.gif,docs/v0.4/assets,.gif,709.54,2026-04-07T19:48:56,misc_review_required,needs review,v0.4,unknown,limited,false,false,P3_internal_log_only,needs review,
docs/v0.4/assets/Wireframe_Baseline_Manus_4.gif,Wireframe_Baseline_Manus_4.gif,docs/v0.4/assets,.gif,569.28,2026-04-07T19:48:56,misc_review_required,needs review,v0.4,unknown,limited,false,false,P3_internal_log_only,needs review,
docs/v0.4/assets/Wireframe_Baseline_Manus_5.gif,Wireframe_Baseline_Manus_5.gif,docs/v0.4/assets,.gif,206.29,2026-04-07T19:48:56,misc_review_required,needs review,v0.4,unknown,limited,false,false,P3_internal_log_only,needs review,
docs/v0.4/baseline.md,baseline.md,docs/v0.4,.md,7.61,2026-04-07T19:48:56,backend_api_serving,backend api,v0.4,ko_en_mixed,yes,false,false,P1_supporting_evidence,backend api,
docs/v0.4/checklist.md,checklist.md,docs/v0.4,.md,5.76,2026-04-07T19:48:56,backend_api_serving,backend api,v0.4,ko_en_mixed,yes,true,false,P0_core_evidence,backend api,
docs/v0.4/data_pipeline.md,data_pipeline.md,docs/v0.4,.md,9.93,2026-04-07T19:48:56,roundtrip_support,roundtrip,v0.4,ko_en_mixed,yes,true,false,P1_supporting_evidence,roundtrip,
docs/v0.4/product.md,product.md,docs/v0.4,.md,7.07,2026-04-07T19:48:56,frontend_ui_ux,frontend ui,v0.4,ko_en_mixed,yes,false,false,P1_supporting_evidence,frontend ui,
docs/v0.4/research.md,research.md,docs/v0.4,.md,9.74,2026-04-07T19:48:56,backend_api_serving,backend api,v0.4,ko_en_mixed,yes,false,false,P1_supporting_evidence,backend api,
docs/v0.4/schema.md,schema.md,docs/v0.4,.md,13.01,2026-04-07T19:48:56,roundtrip_support,roundtrip,v0.4,ko_en_mixed,yes,true,false,P1_supporting_evidence,roundtrip,
docs/v0.4.1/anchor.md,anchor.md,docs/v0.4.1,.md,6.18,2026-04-11T12:00:42,frontend_ui_ux,frontend ui,v0.4.1,ko_en_mixed,yes,true,false,P0_core_evidence,frontend ui,
docs/v0.4.1/checklist.md,checklist.md,docs/v0.4.1,.md,2.75,2026-04-11T12:00:49,frontend_ui_ux,frontend ui,v0.4.1,ko_en_mixed,yes,true,false,P0_core_evidence,frontend ui,
docs/v0.4.1/schema.md,schema.md,docs/v0.4.1,.md,11.49,2026-04-11T11:41:12,roundtrip_support,roundtrip,v0.4.1,ko_en_mixed,yes,true,false,P1_supporting_evidence,roundtrip,
docs/v0.4.3/anchor.md,anchor.md,docs/v0.4.3,.md,7.02,2026-04-16T11:50:27,deployment_infra,deploy infra,v0.4.3,ko_en_mixed,yes,true,false,P0_core_evidence,deploy infra,
docs/v0.4.3/checklist.md,checklist.md,docs/v0.4.3,.md,4.22,2026-04-16T11:50:27,deployment_infra,deploy infra,v0.4.3,ko_en_mixed,yes,true,false,P0_core_evidence,deploy infra,
docs/v0.4.3/frontend-structure.md,frontend-structure.md,docs/v0.4.3,.md,2.54,2026-05-20T21:24:31,apk_mobile,mobile apk,v0.4.3,ko_en_mixed,yes,false,false,P1_supporting_evidence,mobile apk,
docs/v0.4.3/product.md,product.md,docs/v0.4.3,.md,6.62,2026-05-20T21:24:31,apk_mobile,mobile apk,v0.4.3,ko_en_mixed,yes,false,false,P1_supporting_evidence,mobile apk,
docs/v0.4.3/schema.md,schema.md,docs/v0.4.3,.md,11.20,2026-04-16T11:50:27,roundtrip_support,roundtrip,v0.4.3,ko_en_mixed,yes,true,false,P1_supporting_evidence,roundtrip,
docs/v0.5/anchor.md,anchor.md,docs/v0.5,.md,7.46,2026-05-20T21:24:31,deployment_infra,deploy infra,v0.5,ko_en_mixed,yes,true,false,P0_core_evidence,deploy infra,
docs/v0.5/checklist.md,checklist.md,docs/v0.5,.md,3.32,2026-05-20T21:24:31,deployment_infra,deploy infra,v0.5,ko_en_mixed,yes,true,false,P1_supporting_evidence,deploy infra,
docs/v0.5.1/anchor.md,anchor.md,docs/v0.5.1,.md,6.49,2026-05-20T21:24:31,deployment_infra,deploy infra,v0.5.1,ko_en_mixed,yes,true,false,P0_core_evidence,deploy infra,
docs/v0.5.1/checklist.md,checklist.md,docs/v0.5.1,.md,2.06,2026-05-20T21:24:31,deployment_infra,deploy infra,v0.5.1,ko_en_mixed,yes,true,false,P1_supporting_evidence,deploy infra,
docs/v0.5.1/history.md,history.md,docs/v0.5.1,.md,10.81,2026-05-20T21:24:31,deployment_infra,deploy infra,v0.5.1,ko_en_mixed,yes,true,false,P1_supporting_evidence,deploy infra,
docs/v1.0.0/anchor.md,anchor.md,docs/v1.0.0,.md,4.93,2026-05-31T10:30:56,apk_mobile,mobile apk,v1.0.0,ko_en_mixed,yes,false,false,P0_core_evidence,mobile apk,
docs/v1.0.0/checklist.md,checklist.md,docs/v1.0.0,.md,3.63,2026-05-31T10:30:56,apk_mobile,mobile apk,v1.0.0,ko_en_mixed,yes,true,false,P0_core_evidence,mobile apk,
docs/v1.0.0/cleanup_plan.md,cleanup_plan.md,docs/v1.0.0,.md,4.31,2026-05-31T10:30:56,apk_mobile,mobile apk,v1.0.0,ko_en_mixed,review,false,true,P3_internal_log_only,mobile apk,redact before public use
docs/v1.0.0/history.md,history.md,docs/v1.0.0,.md,5.84,2026-05-31T10:30:56,apk_mobile,mobile apk,v1.0.0,ko_en_mixed,yes,false,false,P0_core_evidence,mobile apk,
docs/v1.0.0/model_retraining_plan.md,model_retraining_plan.md,docs/v1.0.0,.md,6.85,2026-05-31T10:30:56,apk_mobile,mobile apk,v1.0.0,ko_en_mixed,review,true,true,P3_internal_log_only,mobile apk,redact before public use
docs/v1.0.0/README.md,README.md,docs/v1.0.0,.md,1.97,2026-05-31T10:30:55,apk_mobile,mobile apk,v1.0.0,ko_en_mixed,yes,false,false,P0_core_evidence,mobile apk,
