"relative_path","extension","size_bytes","gitignore_status","intended_public_status","source_category","note"
".dockerignore",".dockerignore","106","not_ignored","public_candidate","repository_metadata","candidate from git ls-files --others --exclude-standard"
".env.example",".example","648","not_ignored","public_candidate","repository_metadata","candidate from git ls-files --others --exclude-standard"
".gitignore",".gitignore","765","not_ignored","public_candidate","repository_metadata","candidate from git ls-files --others --exclude-standard"
"backend/__init__.py",".py","0","not_ignored","public_candidate","backend","candidate from git ls-files --others --exclude-standard"
"backend/auth/__init__.py",".py","0","not_ignored","public_candidate","backend","candidate from git ls-files --others --exclude-standard"
"backend/auth/kakao.py",".py","1874","not_ignored","public_candidate","backend","candidate from git ls-files --others --exclude-standard"
"backend/auth/router.py",".py","2027","not_ignored","public_candidate","backend","candidate from git ls-files --others --exclude-standard"
"backend/core/__init__.py",".py","0","not_ignored","public_candidate","backend","candidate from git ls-files --others --exclude-standard"
"backend/core/config.py",".py","3752","not_ignored","public_candidate","backend","candidate from git ls-files --others --exclude-standard"
"backend/core/db.py",".py","2760","not_ignored","public_candidate","backend","candidate from git ls-files --others --exclude-standard"
"backend/core/jwt.py",".py","531","not_ignored","public_candidate","backend","candidate from git ls-files --others --exclude-standard"
"backend/crawler/__init__.py",".py","2","not_ignored","public_candidate","backend","candidate from git ls-files --others --exclude-standard"
"backend/crawler/collector.py",".py","24280","not_ignored","public_candidate","backend","candidate from git ls-files --others --exclude-standard"
"backend/crawler/constants.py",".py","501","not_ignored","public_candidate","backend","candidate from git ls-files --others --exclude-standard"
"backend/crawler/parser.py",".py","7161","not_ignored","public_candidate","backend","candidate from git ls-files --others --exclude-standard"
"backend/crawler/url_builder.py",".py","1742","not_ignored","public_candidate","backend","candidate from git ls-files --others --exclude-standard"
"backend/data/.gitkeep",".gitkeep","0","not_ignored","public_candidate","backend","candidate from git ls-files --others --exclude-standard"
"backend/data/saved_flights/.gitkeep",".gitkeep","0","not_ignored","public_candidate","backend","candidate from git ls-files --others --exclude-standard"
"backend/data/settings/.gitkeep",".gitkeep","0","not_ignored","public_candidate","backend","candidate from git ls-files --others --exclude-standard"
"backend/data/store.py",".py","3660","not_ignored","public_candidate","backend","candidate from git ls-files --others --exclude-standard"
"backend/flights/__init__.py",".py","2","not_ignored","public_candidate","backend","candidate from git ls-files --others --exclude-standard"
"backend/flights/router.py",".py","2338","not_ignored","public_candidate","backend","candidate from git ls-files --others --exclude-standard"
"backend/flights/schema.py",".py","863","not_ignored","public_candidate","backend","candidate from git ls-files --others --exclude-standard"
"backend/flights/search_manager.py",".py","5283","not_ignored","public_candidate","backend","candidate from git ls-files --others --exclude-standard"
"backend/flights/service.py",".py","3790","not_ignored","public_candidate","backend","candidate from git ls-files --others --exclude-standard"
"backend/main.py",".py","3555","not_ignored","public_candidate","backend","candidate from git ls-files --others --exclude-standard"
"backend/ml_inference/__init__.py",".py","244","not_ignored","public_candidate","backend","candidate from git ls-files --others --exclude-standard"
"backend/ml_inference/build_enc_mappings.py",".py","4195","not_ignored","public_candidate","backend","candidate from git ls-files --others --exclude-standard"
"backend/ml_inference/history.py",".py","3971","not_ignored","public_candidate","backend","candidate from git ls-files --others --exclude-standard"
"backend/ml_inference/model_runtime.py",".py","11686","not_ignored","public_candidate","backend","candidate from git ls-files --others --exclude-standard"
"backend/ml_inference/model_status.py",".py","2460","not_ignored","public_candidate","backend","candidate from git ls-files --others --exclude-standard"
"backend/ml_inference/oneway_adapter.py",".py","18706","not_ignored","public_candidate","backend","candidate from git ls-files --others --exclude-standard"
"backend/ml_inference/README.md",".md","1733","not_ignored","public_candidate","backend","candidate from git ls-files --others --exclude-standard"
"backend/ml_inference/roundtrip_adapter.py",".py","2919","not_ignored","public_candidate","backend","candidate from git ls-files --others --exclude-standard"
"backend/ml_inference/roundtrip_feature_builder.py",".py","16422","not_ignored","public_candidate","backend","candidate from git ls-files --others --exclude-standard"
"backend/ml_inference/smoke_oneway.py",".py","5154","not_ignored","public_candidate","backend","candidate from git ls-files --others --exclude-standard"
"backend/ml_inference/smoke_server_oneway.py",".py","5070","not_ignored","public_candidate","backend","candidate from git ls-files --others --exclude-standard"
"backend/ml_inference/smoke_server_roundtrip.py",".py","4740","not_ignored","public_candidate","backend","candidate from git ls-files --others --exclude-standard"
"backend/ml_inference/smoke_server_roundtrip_batch.py",".py","8841","not_ignored","public_candidate","backend","candidate from git ls-files --others --exclude-standard"
"backend/ml_inference/smoke_server_roundtrip_feature.py",".py","5982","not_ignored","public_candidate","backend","candidate from git ls-files --others --exclude-standard"
"backend/README.md",".md","1163","not_ignored","public_candidate","backend","candidate from git ls-files --others --exclude-standard"
"backend/recommend/__init__.py",".py","35","not_ignored","public_candidate","backend","candidate from git ls-files --others --exclude-standard"
"backend/recommend/job_store.py",".py","4911","not_ignored","public_candidate","backend","candidate from git ls-files --others --exclude-standard"
"backend/recommend/job_worker.py",".py","6155","not_ignored","public_candidate","backend","candidate from git ls-files --others --exclude-standard"
"backend/recommend/oneway_refresh_executor.py",".py","13111","not_ignored","public_candidate","backend","candidate from git ls-files --others --exclude-standard"
"backend/recommend/oneway_refresh_job.py",".py","15394","not_ignored","public_candidate","backend","candidate from git ls-files --others --exclude-standard"
"backend/recommend/roundtrip_refresh_executor.py",".py","13474","not_ignored","public_candidate","backend","candidate from git ls-files --others --exclude-standard"
"backend/recommend/roundtrip_refresh_job.py",".py","15292","not_ignored","public_candidate","backend","candidate from git ls-files --others --exclude-standard"
"backend/recommend/route_analysis.py",".py","22222","not_ignored","public_candidate","backend","candidate from git ls-files --others --exclude-standard"
"backend/recommend/router.py",".py","15528","not_ignored","public_candidate","backend","candidate from git ls-files --others --exclude-standard"
"backend/recommend/schema.py",".py","12258","not_ignored","public_candidate","backend","candidate from git ls-files --others --exclude-standard"
"backend/recommend/service.py",".py","74999","not_ignored","public_candidate","backend","candidate from git ls-files --others --exclude-standard"
"backend/requirements.txt",".txt","170","not_ignored","public_candidate","backend","candidate from git ls-files --others --exclude-standard"
"backend/requirements-model.txt",".txt","82","not_ignored","public_candidate","backend","candidate from git ls-files --others --exclude-standard"
"backend/scripts/__init__.py",".py","1","not_ignored","public_candidate","backend","candidate from git ls-files --others --exclude-standard"
"backend/scripts/refresh_route_analysis_snapshot.py",".py","2890","not_ignored","public_candidate","backend","candidate from git ls-files --others --exclude-standard"
"backend/scripts/refresh_route_analysis_snapshot_if_needed.py",".py","7615","not_ignored","public_candidate","backend","candidate from git ls-files --others --exclude-standard"
"backend/users/__init__.py",".py","0","not_ignored","public_candidate","backend","candidate from git ls-files --others --exclude-standard"
"backend/users/router.py",".py","3482","not_ignored","public_candidate","backend","candidate from git ls-files --others --exclude-standard"
"configs/backend.env.example",".example","114","not_ignored","public_candidate","config_example","candidate from git ls-files --others --exclude-standard"
"configs/crawler.example.yaml",".yaml","266","not_ignored","public_candidate","config_example","candidate from git ls-files --others --exclude-standard"
"configs/dataset.example.yaml",".yaml","207","not_ignored","public_candidate","config_example","candidate from git ls-files --others --exclude-standard"
"configs/README.md",".md","199","not_ignored","public_candidate","config_example","candidate from git ls-files --others --exclude-standard"
"configs/training.example.yaml",".yaml","227","not_ignored","public_candidate","config_example","candidate from git ls-files --others --exclude-standard"
"data/README.md",".md","231","not_ignored","public_candidate","sample_data","candidate from git ls-files --others --exclude-standard"
"data/sample/README.md",".md","286","not_ignored","public_candidate","sample_data","candidate from git ls-files --others --exclude-standard"
"data/sample/sample_features.csv",".csv","169","not_ignored","public_candidate","sample_data","candidate from git ls-files --others --exclude-standard"
"data/sample/sample_flight_offer_observation.csv",".csv","323","not_ignored","public_candidate","sample_data","candidate from git ls-files --others --exclude-standard"
"data/sample/sample_search_observation.csv",".csv","220","not_ignored","public_candidate","sample_data","candidate from git ls-files --others --exclude-standard"
"deploy/systemd/airchoice-backend.service",".service","359","not_ignored","public_candidate","deployment","candidate from git ls-files --others --exclude-standard"
"deploy/systemd/airchoice-backup.service",".service","348","not_ignored","public_candidate","deployment","candidate from git ls-files --others --exclude-standard"
"deploy/systemd/airchoice-backup.timer",".timer","209","not_ignored","public_candidate","deployment","candidate from git ls-files --others --exclude-standard"
"deploy/systemd/airchoice-pipeline.service",".service","361","not_ignored","public_candidate","deployment","candidate from git ls-files --others --exclude-standard"
"deploy/systemd/airchoice-pipeline.timer",".timer","274","not_ignored","public_candidate","deployment","candidate from git ls-files --others --exclude-standard"
"docker/crawler/Dockerfile","","605","not_ignored","public_candidate","deployment","candidate from git ls-files --others --exclude-standard"
"docker/loader/Dockerfile","","236","not_ignored","public_candidate","deployment","candidate from git ls-files --others --exclude-standard"
"docker-compose.yml",".yml","2336","not_ignored","public_candidate","repository_metadata","candidate from git ls-files --others --exclude-standard"
"docs/en/api_contract.md",".md","422","not_ignored","public_candidate","docs","candidate from git ls-files --others --exclude-standard"
"docs/en/architecture.md",".md","425","not_ignored","public_candidate","docs","candidate from git ls-files --others --exclude-standard"
"docs/en/data_and_training_summary.md",".md","425","not_ignored","public_candidate","docs","candidate from git ls-files --others --exclude-standard"
"docs/en/deployment_notes.md",".md","499","not_ignored","public_candidate","docs","candidate from git ls-files --others --exclude-standard"
"docs/en/frontend_guide.md",".md","323","not_ignored","public_candidate","docs","candidate from git ls-files --others --exclude-standard"
"docs/en/model_overview.md",".md","389","not_ignored","public_candidate","docs","candidate from git ls-files --others --exclude-standard"
"docs/internal_phase_logs_excluded.md",".md","643","not_ignored","public_candidate","docs","candidate from git ls-files --others --exclude-standard"
"docs/ko/api_contract.md",".md","932","not_ignored","public_candidate","docs","candidate from git ls-files --others --exclude-standard"
"docs/ko/architecture.md",".md","1132","not_ignored","public_candidate","docs","candidate from git ls-files --others --exclude-standard"
"docs/ko/core_evidence_document_set.md",".md","4326","not_ignored","public_candidate","docs","candidate from git ls-files --others --exclude-standard"
"docs/ko/data_and_training_summary.md",".md","773","not_ignored","public_candidate","docs","candidate from git ls-files --others --exclude-standard"
"docs/ko/deployment_notes.md",".md","816","not_ignored","public_candidate","docs","candidate from git ls-files --others --exclude-standard"
"docs/ko/frontend_guide.md",".md","666","not_ignored","public_candidate","docs","candidate from git ls-files --others --exclude-standard"
"docs/ko/full_docs_category_map.md",".md","4775","not_ignored","public_candidate","docs","candidate from git ls-files --others --exclude-standard"
"docs/ko/full_docs_extraction_encoding_check.md",".md","21236","not_ignored","public_candidate","docs","candidate from git ls-files --others --exclude-standard"
"docs/ko/full_docs_extraction_summary.md",".md","3539","not_ignored","public_candidate","docs","candidate from git ls-files --others --exclude-standard"
"docs/ko/full_docs_extraction_validation.md",".md","870","not_ignored","public_candidate","docs","candidate from git ls-files --others --exclude-standard"
"docs/ko/full_docs_inventory.csv",".csv","49491","not_ignored","public_candidate","docs","candidate from git ls-files --others --exclude-standard"
"docs/ko/full_docs_inventory_corrected.csv",".csv","28865","not_ignored","public_candidate","docs","candidate from git ls-files --others --exclude-standard"
"docs/ko/full_docs_inventory_summary.md",".md","1518","not_ignored","public_candidate","docs","candidate from git ls-files --others --exclude-standard"
"docs/ko/missing_evidence_todo.md",".md","1173","not_ignored","public_candidate","docs","candidate from git ls-files --others --exclude-standard"
"docs/ko/model_overview.md",".md","946","not_ignored","public_candidate","docs","candidate from git ls-files --others --exclude-standard"
"docs/ko/p0_p1_manual_review_summary.md",".md","2268","not_ignored","public_candidate","docs","candidate from git ls-files --others --exclude-standard"
"docs/ko/phase3_5_artifact_consolidation_plan.md",".md","1855","not_ignored","public_candidate","docs","candidate from git ls-files --others --exclude-standard"
"docs/ko/phase3_5c_summary.md",".md","2537","not_ignored","public_candidate","docs","candidate from git ls-files --others --exclude-standard"
"docs/ko/phase3_5c_validation.md",".md","864","not_ignored","public_candidate","docs","candidate from git ls-files --others --exclude-standard"
"docs/ko/phase3_5d_pipeline_structure_summary.md",".md","1572","not_ignored","public_candidate","docs","candidate from git ls-files --others --exclude-standard"
"docs/ko/phase3_5d_validation.md",".md","1954","not_ignored","public_candidate","docs","candidate from git ls-files --others --exclude-standard"
"docs/ko/phase3_5d_working_path_check.md",".md","411","not_ignored","public_candidate","docs","candidate from git ls-files --others --exclude-standard"
"docs/ko/phase3_5e_build_compile_audit_check.md",".md","887","not_ignored","public_candidate","docs","candidate from git ls-files --others --exclude-standard"
"docs/ko/phase3_5e_forbidden_file_scan.md",".md","917","not_ignored","public_candidate","docs","candidate from git ls-files --others --exclude-standard"
"docs/ko/phase3_5e_git_push_readiness.md",".md","722","not_ignored","public_candidate","docs","candidate from git ls-files --others --exclude-standard"
"docs/ko/phase3_5e_large_file_scan.md",".md","295","not_ignored","public_candidate","docs","candidate from git ls-files --others --exclude-standard"
"docs/ko/phase3_5e_summary.md",".md","1536","not_ignored","public_candidate","docs","candidate from git ls-files --others --exclude-standard"
"docs/ko/phase3_5e_validation.md",".md","709","not_ignored","public_candidate","docs","candidate from git ls-files --others --exclude-standard"
"docs/ko/phase3_5e_working_path_check.md",".md","462","not_ignored","public_candidate","docs","candidate from git ls-files --others --exclude-standard"
"docs/ko/pipeline_code_map.csv",".csv","6533","not_ignored","public_candidate","docs","candidate from git ls-files --others --exclude-standard"
"docs/ko/pipeline_code_map_summary.md",".md","2127","not_ignored","public_candidate","docs","candidate from git ls-files --others --exclude-standard"
"docs/ko/pipeline_oriented_repo_structure_proposal.md",".md","2409","not_ignored","public_candidate","docs","candidate from git ls-files --others --exclude-standard"
"docs/ko/pipeline_restructure_plan.md",".md","3067","not_ignored","public_candidate","docs","candidate from git ls-files --others --exclude-standard"
"docs/ko/project_decision_journey.md",".md","7153","not_ignored","public_candidate","docs","candidate from git ls-files --others --exclude-standard"
"docs/ko/project_decision_journey_v2.md",".md","8197","not_ignored","public_candidate","docs","candidate from git ls-files --others --exclude-standard"
"docs/ko/project_journey_extraction_summary.md",".md","1685","not_ignored","public_candidate","docs","candidate from git ls-files --others --exclude-standard"
"docs/ko/project_journey_extraction_validation.md",".md","1401","not_ignored","public_candidate","docs","candidate from git ls-files --others --exclude-standard"
"docs/ko/project_journey_source_index.md",".md","3549","not_ignored","public_candidate","docs","candidate from git ls-files --others --exclude-standard"
"docs/ko/project_metric_evidence_summary.md",".md","1754","not_ignored","public_candidate","docs","candidate from git ls-files --others --exclude-standard"
"docs/ko/project_metric_evidence_summary_v2.md",".md","1918","not_ignored","public_candidate","docs","candidate from git ls-files --others --exclude-standard"
"docs/ko/project_metric_evidence_table.csv",".csv","4085","not_ignored","public_candidate","docs","candidate from git ls-files --others --exclude-standard"
"docs/ko/project_metric_evidence_table_v2.csv",".csv","6156","not_ignored","public_candidate","docs","candidate from git ls-files --others --exclude-standard"
"docs/ko/project_process_summary_draft.md",".md","2018","not_ignored","public_candidate","docs","candidate from git ls-files --others --exclude-standard"
"docs/ko/project_timeline_v2.md",".md","5453","not_ignored","public_candidate","docs","candidate from git ls-files --others --exclude-standard"
"docs/ko/public_private_boundary.md",".md","1707","not_ignored","public_candidate","docs","candidate from git ls-files --others --exclude-standard"
"docs/ko/public_security_allowlist.csv",".csv","3470","not_ignored","public_candidate","docs","candidate from git ls-files --others --exclude-standard"
"docs/ko/public_security_allowlist.md",".md","1298","not_ignored","public_candidate","docs","candidate from git ls-files --others --exclude-standard"
"docs/ko/reproducibility_scope_draft.md",".md","1229","not_ignored","public_candidate","docs","candidate from git ls-files --others --exclude-standard"
"docs/ko/reproducibility_scope_v2.md",".md","3988","not_ignored","public_candidate","docs","candidate from git ls-files --others --exclude-standard"
"docs/ko/submission_document_outline.md",".md","2861","not_ignored","public_candidate","docs","candidate from git ls-files --others --exclude-standard"
"docs/ko/submission_notes.md",".md","738","not_ignored","public_candidate","docs","candidate from git ls-files --others --exclude-standard"
"docs/ko/submission_zip_file_manifest_plan.md",".md","901","not_ignored","public_candidate","docs","candidate from git ls-files --others --exclude-standard"
"docs/ko/submission_zip_policy.md",".md","996","not_ignored","public_candidate","docs","candidate from git ls-files --others --exclude-standard"
"docs/public_release_audit_summary.md",".md","903","not_ignored","public_candidate","docs","candidate from git ls-files --others --exclude-standard"
"docs/repo_cleanup_phase3_build_final_check.md",".md","691","not_ignored","public_candidate","docs","candidate from git ls-files --others --exclude-standard"
"docs/repo_cleanup_phase3_cleanup_report_policy.md",".md","493","not_ignored","public_candidate","docs","candidate from git ls-files --others --exclude-standard"
"docs/repo_cleanup_phase3_forbidden_file_scan.csv",".csv","21","not_ignored","public_candidate","docs","candidate from git ls-files --others --exclude-standard"
"docs/repo_cleanup_phase3_git_pre_push_status.md",".md","843","not_ignored","public_candidate","docs","candidate from git ls-files --others --exclude-standard"
"docs/repo_cleanup_phase3_hard_residual_scan.csv",".csv","19","not_ignored","public_candidate","docs","candidate from git ls-files --others --exclude-standard"
"docs/repo_cleanup_phase3_large_file_scan.csv",".csv","35","not_ignored","public_candidate","docs","candidate from git ls-files --others --exclude-standard"
"docs/repo_cleanup_phase3_large_forbidden_final_summary.md",".md","556","not_ignored","public_candidate","docs","candidate from git ls-files --others --exclude-standard"
"docs/repo_cleanup_phase3_npm_audit_review.md",".md","588","not_ignored","public_candidate","docs","candidate from git ls-files --others --exclude-standard"
"docs/repo_cleanup_phase3_pre_push_summary.md",".md","1400","not_ignored","public_candidate","docs","candidate from git ls-files --others --exclude-standard"
"docs/repo_cleanup_phase3_readme_docs_final_check.md",".md","429","not_ignored","public_candidate","docs","candidate from git ls-files --others --exclude-standard"
"docs/repo_cleanup_phase3_secret_final_summary.md",".md","598","not_ignored","public_candidate","docs","candidate from git ls-files --others --exclude-standard"
"frontend/.gitignore",".gitignore","294","not_ignored","public_candidate","frontend","candidate from git ls-files --others --exclude-standard"
"frontend/android/.gitignore",".gitignore","1824","not_ignored","public_candidate","frontend","candidate from git ls-files --others --exclude-standard"
"frontend/android/app/.gitignore",".gitignore","26","not_ignored","public_candidate","frontend","candidate from git ls-files --others --exclude-standard"
"frontend/android/app/build.gradle",".gradle","2887","not_ignored","public_candidate","frontend","candidate from git ls-files --others --exclude-standard"
"frontend/android/app/capacitor.build.gradle",".gradle","463","not_ignored","public_candidate","frontend","candidate from git ls-files --others --exclude-standard"
"frontend/android/app/proguard-rules.pro",".pro","751","not_ignored","public_candidate","frontend","candidate from git ls-files --others --exclude-standard"
"frontend/android/app/src/androidTest/java/com/getcapacitor/myapp/ExampleInstrumentedTest.java",".java","774","not_ignored","public_candidate","frontend","candidate from git ls-files --others --exclude-standard"
"frontend/android/app/src/main/AndroidManifest.xml",".xml","1970","not_ignored","public_candidate","frontend","candidate from git ls-files --others --exclude-standard"
"frontend/android/app/src/main/java/com/baro/pricebarometer/MainActivity.java",".java","127","not_ignored","public_candidate","frontend","candidate from git ls-files --others --exclude-standard"
"frontend/android/app/src/main/res/drawable/ic_launcher_background.xml",".xml","5606","not_ignored","public_candidate","frontend","candidate from git ls-files --others --exclude-standard"
"frontend/android/app/src/main/res/drawable/splash.png",".png","6951","not_ignored","public_candidate","frontend","candidate from git ls-files --others --exclude-standard"
"frontend/android/app/src/main/res/drawable-land-hdpi/splash.png",".png","11918","not_ignored","public_candidate","frontend","candidate from git ls-files --others --exclude-standard"
"frontend/android/app/src/main/res/drawable-land-mdpi/splash.png",".png","6951","not_ignored","public_candidate","frontend","candidate from git ls-files --others --exclude-standard"
"frontend/android/app/src/main/res/drawable-land-xhdpi/splash.png",".png","19786","not_ignored","public_candidate","frontend","candidate from git ls-files --others --exclude-standard"
"frontend/android/app/src/main/res/drawable-land-xxhdpi/splash.png",".png","29516","not_ignored","public_candidate","frontend","candidate from git ls-files --others --exclude-standard"
"frontend/android/app/src/main/res/drawable-land-xxxhdpi/splash.png",".png","42292","not_ignored","public_candidate","frontend","candidate from git ls-files --others --exclude-standard"
"frontend/android/app/src/main/res/drawable-port-hdpi/splash.png",".png","12157","not_ignored","public_candidate","frontend","candidate from git ls-files --others --exclude-standard"
"frontend/android/app/src/main/res/drawable-port-mdpi/splash.png",".png","7032","not_ignored","public_candidate","frontend","candidate from git ls-files --others --exclude-standard"
"frontend/android/app/src/main/res/drawable-port-xhdpi/splash.png",".png","20359","not_ignored","public_candidate","frontend","candidate from git ls-files --others --exclude-standard"
"frontend/android/app/src/main/res/drawable-port-xxhdpi/splash.png",".png","28882","not_ignored","public_candidate","frontend","candidate from git ls-files --others --exclude-standard"
"frontend/android/app/src/main/res/drawable-port-xxxhdpi/splash.png",".png","40640","not_ignored","public_candidate","frontend","candidate from git ls-files --others --exclude-standard"
"frontend/android/app/src/main/res/drawable-v24/ic_launcher_foreground.xml",".xml","1880","not_ignored","public_candidate","frontend","candidate from git ls-files --others --exclude-standard"
"frontend/android/app/src/main/res/layout/activity_main.xml",".xml","535","not_ignored","public_candidate","frontend","candidate from git ls-files --others --exclude-standard"
"frontend/android/app/src/main/res/mipmap-anydpi-v26/ic_launcher.xml",".xml","265","not_ignored","public_candidate","frontend","candidate from git ls-files --others --exclude-standard"
"frontend/android/app/src/main/res/mipmap-anydpi-v26/ic_launcher_round.xml",".xml","265","not_ignored","public_candidate","frontend","candidate from git ls-files --others --exclude-standard"
"frontend/android/app/src/main/res/mipmap-hdpi/ic_launcher.png",".png","2159","not_ignored","public_candidate","frontend","candidate from git ls-files --others --exclude-standard"
"frontend/android/app/src/main/res/mipmap-hdpi/ic_launcher_foreground.png",".png","7451","not_ignored","public_candidate","frontend","candidate from git ls-files --others --exclude-standard"
"frontend/android/app/src/main/res/mipmap-hdpi/ic_launcher_round.png",".png","2382","not_ignored","public_candidate","frontend","candidate from git ls-files --others --exclude-standard"
"frontend/android/app/src/main/res/mipmap-mdpi/ic_launcher.png",".png","1347","not_ignored","public_candidate","frontend","candidate from git ls-files --others --exclude-standard"
"frontend/android/app/src/main/res/mipmap-mdpi/ic_launcher_foreground.png",".png","4422","not_ignored","public_candidate","frontend","candidate from git ls-files --others --exclude-standard"
"frontend/android/app/src/main/res/mipmap-mdpi/ic_launcher_round.png",".png","1484","not_ignored","public_candidate","frontend","candidate from git ls-files --others --exclude-standard"
"frontend/android/app/src/main/res/mipmap-xhdpi/ic_launcher.png",".png","3033","not_ignored","public_candidate","frontend","candidate from git ls-files --others --exclude-standard"
"frontend/android/app/src/main/res/mipmap-xhdpi/ic_launcher_foreground.png",".png","10522","not_ignored","public_candidate","frontend","candidate from git ls-files --others --exclude-standard"
"frontend/android/app/src/main/res/mipmap-xhdpi/ic_launcher_round.png",".png","3301","not_ignored","public_candidate","frontend","candidate from git ls-files --others --exclude-standard"
"frontend/android/app/src/main/res/mipmap-xxhdpi/ic_launcher.png",".png","5017","not_ignored","public_candidate","frontend","candidate from git ls-files --others --exclude-standard"
"frontend/android/app/src/main/res/mipmap-xxhdpi/ic_launcher_foreground.png",".png","17517","not_ignored","public_candidate","frontend","candidate from git ls-files --others --exclude-standard"
"frontend/android/app/src/main/res/mipmap-xxhdpi/ic_launcher_round.png",".png","5376","not_ignored","public_candidate","frontend","candidate from git ls-files --others --exclude-standard"
"frontend/android/app/src/main/res/mipmap-xxxhdpi/ic_launcher.png",".png","7166","not_ignored","public_candidate","frontend","candidate from git ls-files --others --exclude-standard"
"frontend/android/app/src/main/res/mipmap-xxxhdpi/ic_launcher_foreground.png",".png","24518","not_ignored","public_candidate","frontend","candidate from git ls-files --others --exclude-standard"
"frontend/android/app/src/main/res/mipmap-xxxhdpi/ic_launcher_round.png",".png","7585","not_ignored","public_candidate","frontend","candidate from git ls-files --others --exclude-standard"
"frontend/android/app/src/main/res/values/ic_launcher_background.xml",".xml","121","not_ignored","public_candidate","frontend","candidate from git ls-files --others --exclude-standard"
"frontend/android/app/src/main/res/values/strings.xml",".xml","294","not_ignored","public_candidate","frontend","candidate from git ls-files --others --exclude-standard"
"frontend/android/app/src/main/res/values/styles.xml",".xml","823","not_ignored","public_candidate","frontend","candidate from git ls-files --others --exclude-standard"
"frontend/android/app/src/main/res/xml/file_paths.xml",".xml","213","not_ignored","public_candidate","frontend","candidate from git ls-files --others --exclude-standard"
"frontend/android/app/src/test/java/com/getcapacitor/myapp/ExampleUnitTest.java",".java","402","not_ignored","public_candidate","frontend","candidate from git ls-files --others --exclude-standard"
"frontend/android/build.gradle",".gradle","637","not_ignored","public_candidate","frontend","candidate from git ls-files --others --exclude-standard"
"frontend/android/capacitor.settings.gradle",".gradle","451","not_ignored","public_candidate","frontend","candidate from git ls-files --others --exclude-standard"
"frontend/android/gradle.properties",".properties","987","not_ignored","public_candidate","frontend","candidate from git ls-files --others --exclude-standard"
"frontend/android/gradle/wrapper/gradle-wrapper.jar",".jar","43764","not_ignored","public_candidate","frontend","candidate from git ls-files --others --exclude-standard"
"frontend/android/gradle/wrapper/gradle-wrapper.properties",".properties","253","not_ignored","public_candidate","frontend","candidate from git ls-files --others --exclude-standard"
"frontend/android/gradlew","","8733","not_ignored","public_candidate","frontend","candidate from git ls-files --others --exclude-standard"
"frontend/android/gradlew.bat",".bat","2937","not_ignored","public_candidate","frontend","candidate from git ls-files --others --exclude-standard"
"frontend/android/keystore.properties.example",".example","228","not_ignored","public_candidate","frontend","candidate from git ls-files --others --exclude-standard"
"frontend/android/settings.gradle",".gradle","208","not_ignored","public_candidate","frontend","candidate from git ls-files --others --exclude-standard"
"frontend/android/variables.gradle",".gradle","498","not_ignored","public_candidate","frontend","candidate from git ls-files --others --exclude-standard"
"frontend/assets/baro-launcher-background.png",".png","6493","not_ignored","public_candidate","frontend","candidate from git ls-files --others --exclude-standard"
"frontend/assets/baro-launcher-foreground.png",".png","82202","not_ignored","public_candidate","frontend","candidate from git ls-files --others --exclude-standard"
"frontend/assets/baro-launcher-preview.png",".png","76310","not_ignored","public_candidate","frontend","candidate from git ls-files --others --exclude-standard"
"frontend/assets/baro-splash-full-logo.png",".png","880252","not_ignored","public_candidate","frontend","candidate from git ls-files --others --exclude-standard"
"frontend/assets/baro-splash-symbol.png",".png","93021","not_ignored","public_candidate","frontend","candidate from git ls-files --others --exclude-standard"
"frontend/assets/icon.png",".png","1243890","not_ignored","public_candidate","frontend","candidate from git ls-files --others --exclude-standard"
"frontend/capacitor.config.json",".json","82","not_ignored","public_candidate","frontend","candidate from git ls-files --others --exclude-standard"
"frontend/eslint.config.js",".js","758","not_ignored","public_candidate","frontend","candidate from git ls-files --others --exclude-standard"
"frontend/index.html",".html","601","not_ignored","public_candidate","frontend","candidate from git ls-files --others --exclude-standard"
"frontend/package.json",".json","838","not_ignored","public_candidate","frontend","candidate from git ls-files --others --exclude-standard"
"frontend/package-lock.json",".json","127969","not_ignored","public_candidate","frontend","candidate from git ls-files --others --exclude-standard"
"frontend/public/favicon.svg",".svg","9522","not_ignored","public_candidate","frontend","candidate from git ls-files --others --exclude-standard"
"frontend/public/icons.svg",".svg","5031","not_ignored","public_candidate","frontend","candidate from git ls-files --others --exclude-standard"
"frontend/README.md",".md","1027","not_ignored","public_candidate","frontend","candidate from git ls-files --others --exclude-standard"
"frontend/src/api/.gitkeep",".gitkeep","0","not_ignored","public_candidate","frontend","candidate from git ls-files --others --exclude-standard"
"frontend/src/api/client.js",".js","4089","not_ignored","public_candidate","frontend","candidate from git ls-files --others --exclude-standard"
"frontend/src/App.css",".css","2891","not_ignored","public_candidate","frontend","candidate from git ls-files --others --exclude-standard"
"frontend/src/App.jsx",".jsx","4039","not_ignored","public_candidate","frontend","candidate from git ls-files --others --exclude-standard"
"frontend/src/App.module.css",".css","276","not_ignored","public_candidate","frontend","candidate from git ls-files --others --exclude-standard"
"frontend/src/assets/airlines/7C-jejuair-logo.png",".png","1240","not_ignored","public_candidate","frontend","candidate from git ls-files --others --exclude-standard"
"frontend/src/assets/airlines/BX-airbusan-logo.png",".png","55888","not_ignored","public_candidate","frontend","candidate from git ls-files --others --exclude-standard"
"frontend/src/assets/airlines/ET-ethiopian-primary-logo.png",".png","19806","not_ignored","public_candidate","frontend","candidate from git ls-files --others --exclude-standard"
"frontend/src/assets/airlines/KE-koreanair-logo-2025.png",".png","21287","not_ignored","public_candidate","frontend","candidate from git ls-files --others --exclude-standard"
"frontend/src/assets/airlines/LJ-jinair-h1_logo.gif",".gif","5248","not_ignored","public_candidate","frontend","candidate from git ls-files --others --exclude-standard"
"frontend/src/assets/airlines/MM-peach-logo.svg",".svg","1671","not_ignored","public_candidate","frontend","candidate from git ls-files --others --exclude-standard"
"frontend/src/assets/airlines/OZ-asiana-logo-eng.png",".png","4124","not_ignored","public_candidate","frontend","candidate from git ls-files --others --exclude-standard"
"frontend/src/assets/airlines/OZ-asiana-logo-kor.png",".png","3636","not_ignored","public_candidate","frontend","candidate from git ls-files --others --exclude-standard"
"frontend/src/assets/airlines/RS-airseoul-logo.jpg",".jpg","11905","not_ignored","public_candidate","frontend","candidate from git ls-files --others --exclude-standard"
"frontend/src/assets/airlines/TW-tway-logo-eng.svg",".svg","4204","not_ignored","public_candidate","frontend","candidate from git ls-files --others --exclude-standard"
"frontend/src/assets/airlines/YP-airpremia-logo.bin",".bin","15835","not_ignored","public_candidate","frontend","candidate from git ls-files --others --exclude-standard"
"frontend/src/assets/airlines/YP-airpremia-logo-preview.png",".png","15835","not_ignored","public_candidate","frontend","candidate from git ls-files --others --exclude-standard"
"frontend/src/assets/airlines/YP-airpremia-logo-preview-en-20240816.png",".png","15835","not_ignored","public_candidate","frontend","candidate from git ls-files --others --exclude-standard"
"frontend/src/assets/airlines/YP-airpremia-logo-preview-ko-20240808.png",".png","15835","not_ignored","public_candidate","frontend","candidate from git ls-files --others --exclude-standard"
"frontend/src/assets/airlines/ZG-zipair-logo.svg",".svg","2917","not_ignored","public_candidate","frontend","candidate from git ls-files --others --exclude-standard"
"frontend/src/assets/baro-login-logo.png",".png","230455","not_ignored","public_candidate","frontend","candidate from git ls-files --others --exclude-standard"
"frontend/src/assets/react.svg",".svg","4126","not_ignored","public_candidate","frontend","candidate from git ls-files --others --exclude-standard"
"frontend/src/assets/vite.svg",".svg","8709","not_ignored","public_candidate","frontend","candidate from git ls-files --others --exclude-standard"
"frontend/src/domain/.gitkeep",".gitkeep","0","not_ignored","public_candidate","frontend","candidate from git ls-files --others --exclude-standard"
"frontend/src/hooks/.gitkeep",".gitkeep","0","not_ignored","public_candidate","frontend","candidate from git ls-files --others --exclude-standard"
"frontend/src/index.css",".css","1973","not_ignored","public_candidate","frontend","candidate from git ls-files --others --exclude-standard"
"frontend/src/main.jsx",".jsx","334","not_ignored","public_candidate","frontend","candidate from git ls-files --others --exclude-standard"
"frontend/src/mobile/.gitkeep",".gitkeep","0","not_ignored","public_candidate","frontend","candidate from git ls-files --others --exclude-standard"
"frontend/src/shared/.gitkeep",".gitkeep","0","not_ignored","public_candidate","frontend","candidate from git ls-files --others --exclude-standard"
"frontend/src/shared/airlineBranding.js",".js","2993","not_ignored","public_candidate","frontend","candidate from git ls-files --others --exclude-standard"
"frontend/src/shared/config/theme.js",".js","491","not_ignored","public_candidate","frontend","candidate from git ls-files --others --exclude-standard"
"frontend/src/store/.gitkeep",".gitkeep","0","not_ignored","public_candidate","frontend","candidate from git ls-files --others --exclude-standard"
"frontend/src/store/AuthContext.jsx",".jsx","1440","not_ignored","public_candidate","frontend","candidate from git ls-files --others --exclude-standard"
"frontend/src/web/auth/.gitkeep",".gitkeep","0","not_ignored","public_candidate","frontend","candidate from git ls-files --others --exclude-standard"
"frontend/src/web/auth/kakao.js",".js","1125","not_ignored","public_candidate","frontend","candidate from git ls-files --others --exclude-standard"
"frontend/src/web/components/.gitkeep",".gitkeep","0","not_ignored","public_candidate","frontend","candidate from git ls-files --others --exclude-standard"
"frontend/src/web/components/BottomBar.jsx",".jsx","2350","not_ignored","public_candidate","frontend","candidate from git ls-files --others --exclude-standard"
"frontend/src/web/components/BottomBar.module.css",".css","544","not_ignored","public_candidate","frontend","candidate from git ls-files --others --exclude-standard"
"frontend/src/web/components/DatePicker.jsx",".jsx","5131","not_ignored","public_candidate","frontend","candidate from git ls-files --others --exclude-standard"
"frontend/src/web/components/DatePicker.module.css",".css","2646","not_ignored","public_candidate","frontend","candidate from git ls-files --others --exclude-standard"
"frontend/src/web/components/DrawerMenu.jsx",".jsx","2174","not_ignored","public_candidate","frontend","candidate from git ls-files --others --exclude-standard"
"frontend/src/web/components/DrawerMenu.module.css",".css","2150","not_ignored","public_candidate","frontend","candidate from git ls-files --others --exclude-standard"
"frontend/src/web/components/FlightCard.jsx",".jsx","5660","not_ignored","public_candidate","frontend","candidate from git ls-files --others --exclude-standard"
"frontend/src/web/components/FlightCard.module.css",".css","4296","not_ignored","public_candidate","frontend","candidate from git ls-files --others --exclude-standard"
"frontend/src/web/components/RoundTripCard.jsx",".jsx","8693","not_ignored","public_candidate","frontend","candidate from git ls-files --others --exclude-standard"
"frontend/src/web/components/RoundTripCard.module.css",".css","5553","not_ignored","public_candidate","frontend","candidate from git ls-files --others --exclude-standard"
"frontend/src/web/pages/.gitkeep",".gitkeep","0","not_ignored","public_candidate","frontend","candidate from git ls-files --others --exclude-standard"
"frontend/src/web/pages/AuthCallbackPage.jsx",".jsx","1472","not_ignored","public_candidate","frontend","candidate from git ls-files --others --exclude-standard"
"frontend/src/web/pages/AuthCallbackPage.module.css",".css","479","not_ignored","public_candidate","frontend","candidate from git ls-files --others --exclude-standard"
"frontend/src/web/pages/CardDetailPage.jsx",".jsx","31043","not_ignored","public_candidate","frontend","candidate from git ls-files --others --exclude-standard"
"frontend/src/web/pages/CardDetailPage.module.css",".css","8185","not_ignored","public_candidate","frontend","candidate from git ls-files --others --exclude-standard"
"frontend/src/web/pages/HomePage.jsx",".jsx","7368","not_ignored","public_candidate","frontend","candidate from git ls-files --others --exclude-standard"
"frontend/src/web/pages/HomePage.module.css",".css","4742","not_ignored","public_candidate","frontend","candidate from git ls-files --others --exclude-standard"
"frontend/src/web/pages/LoginPage.jsx",".jsx","1498","not_ignored","public_candidate","frontend","candidate from git ls-files --others --exclude-standard"
"frontend/src/web/pages/LoginPage.module.css",".css","1403","not_ignored","public_candidate","frontend","candidate from git ls-files --others --exclude-standard"
"frontend/src/web/pages/ModelInfoPage.jsx",".jsx","14252","not_ignored","public_candidate","frontend","candidate from git ls-files --others --exclude-standard"
"frontend/src/web/pages/ModelInfoPage.module.css",".css","3549","not_ignored","public_candidate","frontend","candidate from git ls-files --others --exclude-standard"
"frontend/src/web/pages/SavedListPage.jsx",".jsx","3100","not_ignored","public_candidate","frontend","candidate from git ls-files --others --exclude-standard"
"frontend/src/web/pages/SavedListPage.module.css",".css","2046","not_ignored","public_candidate","frontend","candidate from git ls-files --others --exclude-standard"
"frontend/src/web/pages/SearchDetailPage.jsx",".jsx","17027","not_ignored","public_candidate","frontend","candidate from git ls-files --others --exclude-standard"
"frontend/src/web/pages/SearchDetailPage.module.css",".css","2345","not_ignored","public_candidate","frontend","candidate from git ls-files --others --exclude-standard"
"frontend/src/web/pages/SearchResultPage.jsx",".jsx","84688","not_ignored","public_candidate","frontend","candidate from git ls-files --others --exclude-standard"
"frontend/src/web/pages/SearchResultPage.module.css",".css","3011","not_ignored","public_candidate","frontend","candidate from git ls-files --others --exclude-standard"
"frontend/src/web/pages/SettingsPage.jsx",".jsx","3827","not_ignored","public_candidate","frontend","candidate from git ls-files --others --exclude-standard"
"frontend/src/web/pages/SettingsPage.module.css",".css","1442","not_ignored","public_candidate","frontend","candidate from git ls-files --others --exclude-standard"
"frontend/src/web/routes/.gitkeep",".gitkeep","0","not_ignored","public_candidate","frontend","candidate from git ls-files --others --exclude-standard"
"frontend/vercel.json",".json","332","not_ignored","public_candidate","frontend","candidate from git ls-files --others --exclude-standard"
"frontend/vite.config.js",".js","374","not_ignored","public_candidate","frontend","candidate from git ls-files --others --exclude-standard"
"frontend_apk/.gitignore",".gitignore","294","not_ignored","public_candidate","android","candidate from git ls-files --others --exclude-standard"
"frontend_apk/README.md",".md","1043","not_ignored","public_candidate","android","candidate from git ls-files --others --exclude-standard"
"frontend_apk/vercel.json",".json","332","not_ignored","public_candidate","android","candidate from git ls-files --others --exclude-standard"
"models/.gitkeep",".gitkeep","5","not_ignored","public_candidate","model_placeholder","candidate from git ls-files --others --exclude-standard"
"models/README.md",".md","334","not_ignored","public_candidate","model_placeholder","candidate from git ls-files --others --exclude-standard"
"outputs/.gitkeep",".gitkeep","5","not_ignored","public_candidate","output_placeholder","candidate from git ls-files --others --exclude-standard"
"outputs/README.md",".md","196","not_ignored","public_candidate","output_placeholder","candidate from git ls-files --others --exclude-standard"
"pipelines/crawler/README.md",".md","866","not_ignored","public_candidate","docs","candidate from git ls-files --others --exclude-standard"
"pipelines/dataset/README.md",".md","1032","not_ignored","public_candidate","docs","candidate from git ls-files --others --exclude-standard"
"pipelines/packaging/README.md",".md","846","not_ignored","public_candidate","docs","candidate from git ls-files --others --exclude-standard"
"pipelines/README.md",".md","1305","not_ignored","public_candidate","docs","candidate from git ls-files --others --exclude-standard"
"pipelines/smoke/README.md",".md","680","not_ignored","public_candidate","docs","candidate from git ls-files --others --exclude-standard"
"pipelines/training/README.md",".md","927","not_ignored","public_candidate","docs","candidate from git ls-files --others --exclude-standard"
"README.en.md",".md","4094","not_ignored","public_candidate","repository_metadata","candidate from git ls-files --others --exclude-standard"
"README.md",".md","4870","not_ignored","public_candidate","repository_metadata","candidate from git ls-files --others --exclude-standard"
"requirements.txt",".txt","103","not_ignored","public_candidate","repository_metadata","candidate from git ls-files --others --exclude-standard"
"requirements/crawler.txt",".txt","18","not_ignored","public_candidate","backend_dependency","candidate from git ls-files --others --exclude-standard"
"requirements/loaders.txt",".txt","19","not_ignored","public_candidate","backend_dependency","candidate from git ls-files --others --exclude-standard"
"src/__init__.py",".py","0","not_ignored","public_candidate","other","candidate from git ls-files --others --exclude-standard"
"src/clients/.gitkeep",".gitkeep","0","not_ignored","public_candidate","other","candidate from git ls-files --others --exclude-standard"
"src/config/__init__.py",".py","112","not_ignored","public_candidate","other","candidate from git ls-files --others --exclude-standard"
"src/config/settings.py",".py","5228","not_ignored","public_candidate","other","candidate from git ls-files --others --exclude-standard"
"src/crawler/__init__.py",".py","0","not_ignored","public_candidate","other","candidate from git ls-files --others --exclude-standard"
"src/crawler/collector.py",".py","15477","not_ignored","public_candidate","other","candidate from git ls-files --others --exclude-standard"
"src/crawler/constants.py",".py","1003","not_ignored","public_candidate","other","candidate from git ls-files --others --exclude-standard"
"src/crawler/gf_collect.py",".py","208","not_ignored","public_candidate","other","candidate from git ls-files --others --exclude-standard"
"src/crawler/parser.py",".py","7161","not_ignored","public_candidate","other","candidate from git ls-files --others --exclude-standard"
"src/crawler/url_builder.py",".py","1751","not_ignored","public_candidate","other","candidate from git ls-files --others --exclude-standard"
"src/loaders/__init__.py",".py","0","not_ignored","public_candidate","other","candidate from git ls-files --others --exclude-standard"
"src/loaders/gf_insert.py",".py","11710","not_ignored","public_candidate","other","candidate from git ls-files --others --exclude-standard"
"src/utils/.gitkeep",".gitkeep","0","not_ignored","public_candidate","other","candidate from git ls-files --others --exclude-standard"
"src/utils/__init__.py",".py","0","not_ignored","public_candidate","other","candidate from git ls-files --others --exclude-standard"
"src/utils/webhook.py",".py","12535","not_ignored","public_candidate","other","candidate from git ls-files --others --exclude-standard"
"vercel.json",".json","163","not_ignored","public_candidate","repository_metadata","candidate from git ls-files --others --exclude-standard"
